date_time,plant_id,dc_power,ac_power
2020-06-06 16:15:00,4136001,14177.82238095238,13887.397142857144
2020-06-06 16:30:00,4136001,13029.96,12767.86
2020-06-06 16:45:00,4136001,11189.726666666666,10970.933333333334
2020-06-06 17:00:00,4136001,9003.86619047619,8845.301428571427
2020-06-06 17:15:00,4136001,6942.203333333333,6819.805238095239
2020-06-06 17:30:00,4136001,4717.907142857142,4623.408095238096
2020-06-06 17:45:00,4136001,3651.68,3571.6200000000003
2020-06-06 18:00:00,4136001,2266.7133333333336,2202.824761904762
2020-06-06 18:15:00,4136001,1234.7333333333331,1194.993333333333
2020-06-06 18:30:00,4136001,576.6333333333333,556.9333333333333
2020-06-06 18:45:00,4136001,27.75095238095238,26.748095238095235
2020-06-06 19:00:00,4136001,0.0,0.0
2020-06-06 19:15:00,4136001,0.0,0.0
2020-06-06 19:30:00,4136001,0.0,0.0
2020-06-06 19:45:00,4136001,0.0,0.0
2020-06-06 20:00:00,4136001,0.0,0.0
2020-06-06 20:15:00,4136001,0.0,0.0
2020-06-06 20:30:00,4136001,0.0,0.0
2020-06-06 20:45:00,4136001,0.0,0.0
2020-06-06 21:00:00,4136001,0.0,0.0
2020-06-06 21:15:00,4136001,0.0,0.0
2020-06-06 21:30:00,4136001,0.0,0.0
2020-06-06 21:45:00,4136001,0.0,0.0
2020-06-06 22:00:00,4136001,0.0,0.0
2020-06-06 22:15:00,4136001,0.0,0.0
2020-06-06 22:30:00,4136001,0.0,0.0
2020-06-06 22:45:00,4136001,0.0,0.0
2020-06-06 23:00:00,4136001,0.0,0.0
2020-06-06 23:15:00,4136001,0.0,0.0
2020-06-06 23:30:00,4136001,0.0,0.0
2020-06-06 23:45:00,4136001,0.0,0.0
2020-06-07 00:00:00,4136001,0.0,0.0
2020-06-07 00:15:00,4136001,0.0,0.0
2020-06-07 00:30:00,4136001,0.0,0.0
2020-06-07 00:45:00,4136001,0.0,0.0
2020-06-07 01:00:00,4136001,0.0,0.0
2020-06-07 01:15:00,4136001,0.0,0.0
2020-06-07 01:30:00,4136001,0.0,0.0
2020-06-07 01:45:00,4136001,0.0,0.0
2020-06-07 02:00:00,4136001,0.0,0.0
2020-06-07 02:15:00,4136001,0.0,0.0
2020-06-07 02:30:00,4136001,0.0,0.0
2020-06-07 02:45:00,4136001,0.0,0.0
2020-06-07 03:00:00,4136001,0.0,0.0
2020-06-07 03:15:00,4136001,0.0,0.0
2020-06-07 03:30:00,4136001,0.0,0.0
2020-06-07 03:45:00,4136001,0.0,0.0
2020-06-07 04:00:00,4136001,0.0,0.0
2020-06-07 04:15:00,4136001,0.0,0.0
2020-06-07 04:30:00,4136001,0.0,0.0
2020-06-07 04:45:00,4136001,0.0,0.0
2020-06-07 05:00:00,4136001,0.0,0.0
2020-06-07 05:15:00,4136001,0.0,0.0
2020-06-07 05:30:00,4136001,0.0,0.0
2020-06-07 05:45:00,4136001,0.0,0.0
2020-06-07 06:00:00,4136001,315.74809523809523,304.71142857142854
2020-06-07 06:15:00,4136001,926.0866666666668,895.34
2020-06-07 06:30:00,4136001,1488.0438095238094,1441.1038095238096
2020-06-07 06:45:00,4136001,1651.7614285714285,1601.311904761905
2020-06-07 07:00:00,4136001,2172.0438095238096,2110.2561904761906
2020-06-07 07:15:00,4136001,2803.1214285714286,2728.999047619048
2020-06-07 07:30:00,4136001,4642.453333333333,4551.26
2020-06-07 07:45:00,4136001,7288.704761904762,7160.308571428572
2020-06-07 08:00:00,4136001,6712.143333333333,6591.836190476191
2020-06-07 08:15:00,4136001,10439.021904761905,10235.991904761904
2020-06-07 08:30:00,4136001,11176.593809523809,10959.09
2020-06-07 08:45:00,4136001,15984.693333333333,15648.873333333331
2020-06-07 09:00:00,4136001,17379.062857142857,17008.03142857143
2020-06-07 09:15:00,4136001,13467.516666666666,13172.211428571429
2020-06-07 09:30:00,4136001,3193.01,3118.512857142857
2020-06-07 09:45:00,4136001,14880.955238095235,14524.03619047619
2020-06-07 10:00:00,4136001,14644.926666666666,14287.739999999998
2020-06-07 10:15:00,4136001,14499.562380952382,14145.555238095238
2020-06-07 10:30:00,4136001,13597.523333333333,13271.23761904762
2020-06-07 10:45:00,4136001,10727.977142857142,10483.05619047619
2020-06-07 11:00:00,4136001,11363.593333333332,11099.64
2020-06-07 11:15:00,4136001,12183.68,11898.133333333331
2020-06-07 11:30:00,4136001,13211.36,12894.529047619048
2020-06-07 11:45:00,4136001,13384.83,13063.924285714284
2020-06-07 12:00:00,4136001,14402.409047619049,14051.125714285716
2020-06-07 12:15:00,4136001,16081.84,15682.9
2020-06-07 12:30:00,4136001,15318.98380952381,14942.85523809524
2020-06-07 12:45:00,4136001,11766.003809523809,11493.587142857144
2020-06-07 13:00:00,4136001,10482.791428571429,10246.79238095238
2020-06-07 13:15:00,4136001,13292.390476190478,12974.220952380952
2020-06-07 13:30:00,4136001,12719.326666666668,12416.526666666668
2020-06-07 13:45:00,4136001,14140.407142857142,13796.089523809524
2020-06-07 14:00:00,4136001,14029.789047619048,13692.804761904765
2020-06-07 14:15:00,4136001,16051.745714285717,15671.312857142855
2020-06-07 14:30:00,4136001,15500.2,15137.806666666667
2020-06-07 14:45:00,4136001,15282.536190476188,14925.947142857143
2020-06-07 15:00:00,4136001,12328.40857142857,12064.430952380952
2020-06-07 15:15:00,4136001,409.12666666666667,399.9666666666667
2020-06-07 15:30:00,4136001,3958.3952380952383,3871.930952380953
2020-06-07 15:45:00,4136001,14233.26,13939.96
2020-06-07 16:00:00,4136001,5445.363809523809,5340.107142857142
2020-06-07 16:15:00,4136001,11327.106666666668,11093.766666666666
2020-06-07 16:30:00,4136001,7708.201904761904,7562.971904761905
2020-06-07 16:45:00,4136001,4167.238571428571,4084.562380952381
2020-06-07 17:00:00,4136001,7218.853333333333,7084.714761904762
2020-06-07 17:15:00,4136001,6386.385714285714,6270.135238095239
2020-06-07 17:30:00,4136001,5228.82,5126.815714285714
2020-06-07 17:45:00,4136001,3630.150476190476,3550.8371428571427
2020-06-07 18:00:00,4136001,2090.739523809524,2030.8033333333333
2020-06-07 18:15:00,4136001,1278.2733333333333,1237.246666666667
2020-06-07 18:30:00,4136001,603.7152380952381,583.06
2020-06-07 18:45:00,4136001,62.05619047619047,59.84047619047619
2020-06-07 19:00:00,4136001,0.0,0.0
2020-06-07 19:15:00,4136001,0.0,0.0
2020-06-07 19:30:00,4136001,0.0,0.0
2020-06-07 19:45:00,4136001,0.0,0.0
2020-06-07 20:00:00,4136001,0.0,0.0
2020-06-07 20:15:00,4136001,0.0,0.0
2020-06-07 20:30:00,4136001,0.0,0.0
2020-06-07 20:45:00,4136001,0.0,0.0
2020-06-07 21:00:00,4136001,0.0,0.0
2020-06-07 21:15:00,4136001,0.0,0.0
2020-06-07 21:30:00,4136001,0.0,0.0
2020-06-07 21:45:00,4136001,0.0,0.0
2020-06-07 22:00:00,4136001,0.0,0.0
2020-06-07 22:15:00,4136001,0.0,0.0
2020-06-07 22:30:00,4136001,0.0,0.0
2020-06-07 22:45:00,4136001,0.0,0.0
2020-06-07 23:00:00,4136001,0.0,0.0
2020-06-07 23:15:00,4136001,0.0,0.0
2020-06-07 23:30:00,4136001,0.0,0.0
2020-06-07 23:45:00,4136001,0.0,0.0
2020-06-08 00:00:00,4136001,0.0,0.0
2020-06-08 00:15:00,4136001,0.0,0.0
2020-06-08 00:30:00,4136001,0.0,0.0
2020-06-08 00:45:00,4136001,0.0,0.0
2020-06-08 01:00:00,4136001,0.0,0.0
2020-06-08 01:15:00,4136001,0.0,0.0
2020-06-08 01:30:00,4136001,0.0,0.0
2020-06-08 01:45:00,4136001,0.0,0.0
2020-06-08 02:00:00,4136001,0.0,0.0
2020-06-08 02:15:00,4136001,0.0,0.0
2020-06-08 02:30:00,4136001,0.0,0.0
2020-06-08 02:45:00,4136001,0.0,0.0
2020-06-08 03:00:00,4136001,0.0,0.0
2020-06-08 03:15:00,4136001,0.0,0.0
2020-06-08 03:30:00,4136001,0.0,0.0
2020-06-08 03:45:00,4136001,0.0,0.0
2020-06-08 04:00:00,4136001,0.0,0.0
2020-06-08 04:15:00,4136001,0.0,0.0
2020-06-08 04:30:00,4136001,0.0,0.0
2020-06-08 04:45:00,4136001,0.0,0.0
2020-06-08 05:00:00,4136001,0.0,0.0
2020-06-08 05:15:00,4136001,0.0,0.0
2020-06-08 05:30:00,4136001,0.0,0.0
2020-06-08 05:45:00,4136001,0.0,0.0
2020-06-08 06:00:00,4136001,412.0028571428572,397.8947619047619
2020-06-08 06:15:00,4136001,1197.700476190476,1159.020476190476
2020-06-08 06:30:00,4136001,2055.6680952380952,1996.619523809524
2020-06-08 06:45:00,4136001,3006.633333333333,2931.313333333333
2020-06-08 07:00:00,4136001,5088.407142857142,4988.819523809524
2020-06-08 07:15:00,4136001,5605.526666666667,5501.170476190477
2020-06-08 07:30:00,4136001,8560.63619047619,8404.224285714286
2020-06-08 07:45:00,4136001,10352.424761904762,10152.509523809524
2020-06-08 08:00:00,4136001,12136.706666666669,11894.906666666668
2020-06-08 08:15:00,4136001,9958.264761904762,9764.805238095238
2020-06-08 08:30:00,4136001,15009.029047619048,14698.405714285716
2020-06-08 08:45:00,4136001,11738.193333333333,11507.001904761904
2020-06-08 09:00:00,4136001,15433.402857142855,15106.315714285714
2020-06-08 09:15:00,4136001,12811.092307692308,12541.761538461538
2020-06-08 09:30:00,4136001,15660.337435897434,15307.977435897435
2020-06-08 09:45:00,4136001,17015.59395604396,16606.17032967033
2020-06-08 10:00:00,4136001,15453.868095238096,15091.761904761905
2020-06-08 10:15:00,4136001,15252.073333333334,14888.926666666666
2020-06-08 10:30:00,4136001,15407.943333333336,15037.43619047619
2020-06-08 10:45:00,4136001,13363.815238095238,13047.680476190477
2020-06-08 11:00:00,4136001,15843.954285714284,15456.74142857143
2020-06-08 11:15:00,4136001,15222.673333333334,14854.113333333336
2020-06-08 11:30:00,4136001,16853.39238095238,16437.408571428572
2020-06-08 11:45:00,4136001,14115.47,13774.873333333331
2020-06-08 12:00:00,4136001,13041.34857142857,12731.450476190475
2020-06-08 12:15:00,4136001,16179.191428571428,15781.728571428572
2020-06-08 12:30:00,4136001,15941.286666666669,15549.893333333332
2020-06-08 12:45:00,4136001,16410.883333333335,16005.06
2020-06-08 13:00:00,4136001,12540.481904761906,12245.960476190476
2020-06-08 13:15:00,4136001,11381.159047619049,11115.90238095238
2020-06-08 13:30:00,4136001,15844.686666666665,15456.326666666668
2020-06-08 13:45:00,4136001,14432.494761904762,14084.749047619049
2020-06-08 14:00:00,4136001,15500.54,15119.273333333334
2020-06-08 14:15:00,4136001,16824.370476190474,16407.952857142856
2020-06-08 14:30:00,4136001,18562.054285714286,18105.39238095238
2020-06-08 14:45:00,4136001,17941.646666666667,17509.96
2020-06-08 15:00:00,4136001,15203.453333333331,14861.26
2020-06-08 15:15:00,4136001,19624.089523809525,19184.959523809524
2020-06-08 15:30:00,4136001,21131.016666666663,20665.066666666666
2020-06-08 15:45:00,4136001,17921.01523809524,17536.959523809524
2020-06-08 16:00:00,4136001,14923.906666666666,14615.809047619048
2020-06-08 16:15:00,4136001,12690.22,12436.072857142855
2020-06-08 16:30:00,4136001,11121.574285714283,10901.076666666666
2020-06-08 16:45:00,4136001,9127.79,8960.803333333333
2020-06-08 17:00:00,4136001,7922.062857142857,7785.9538095238095
2020-06-08 17:15:00,4136001,6160.52,6043.293333333334
2020-06-08 17:30:00,4136001,5606.330952380952,5497.976190476191
2020-06-08 17:45:00,4136001,4693.419047619048,4601.429047619048
2020-06-08 18:00:00,4136001,3353.3119047619048,3276.041904761905
2020-06-08 18:15:00,4136001,1805.4133333333332,1751.8266666666666
2020-06-08 18:30:00,4136001,782.6295238095238,756.3785714285714
2020-06-08 18:45:00,4136001,112.15761904761904,108.20761904761903
2020-06-08 19:00:00,4136001,0.0,0.0
2020-06-08 19:15:00,4136001,0.0,0.0
2020-06-08 19:30:00,4136001,0.0,0.0
2020-06-08 19:45:00,4136001,0.0,0.0
2020-06-08 20:00:00,4136001,0.0,0.0
2020-06-08 20:15:00,4136001,0.0,0.0
2020-06-08 20:30:00,4136001,0.0,0.0
2020-06-08 20:45:00,4136001,0.0,0.0
2020-06-08 21:00:00,4136001,0.0,0.0
2020-06-08 21:15:00,4136001,0.0,0.0
2020-06-08 21:30:00,4136001,0.0,0.0
2020-06-08 21:45:00,4136001,0.0,0.0
2020-06-08 22:00:00,4136001,0.0,0.0
2020-06-08 22:15:00,4136001,0.0,0.0
2020-06-08 22:30:00,4136001,0.0,0.0
2020-06-08 22:45:00,4136001,0.0,0.0
2020-06-08 23:00:00,4136001,0.0,0.0
2020-06-08 23:15:00,4136001,0.0,0.0
2020-06-08 23:30:00,4136001,0.0,0.0
2020-06-08 23:45:00,4136001,0.0,0.0
2020-06-09 00:00:00,4136001,0.0,0.0
2020-06-09 00:15:00,4136001,0.0,0.0
2020-06-09 00:30:00,4136001,0.0,0.0
2020-06-09 00:45:00,4136001,0.0,0.0
2020-06-09 01:00:00,4136001,0.0,0.0
2020-06-09 01:15:00,4136001,0.0,0.0
2020-06-09 01:30:00,4136001,0.0,0.0
2020-06-09 01:45:00,4136001,0.0,0.0
2020-06-09 02:00:00,4136001,0.0,0.0
2020-06-09 02:15:00,4136001,0.0,0.0
2020-06-09 02:30:00,4136001,0.0,0.0
2020-06-09 02:45:00,4136001,0.0,0.0
2020-06-09 03:00:00,4136001,0.0,0.0
2020-06-09 03:15:00,4136001,0.0,0.0
2020-06-09 03:30:00,4136001,0.0,0.0
2020-06-09 03:45:00,4136001,0.0,0.0
2020-06-09 04:00:00,4136001,0.0,0.0
2020-06-09 04:15:00,4136001,0.0,0.0
2020-06-09 04:30:00,4136001,0.0,0.0
2020-06-09 04:45:00,4136001,0.0,0.0
2020-06-09 05:00:00,4136001,0.0,0.0
2020-06-09 05:15:00,4136001,0.0,0.0
2020-06-09 05:30:00,4136001,0.0,0.0
2020-06-09 05:45:00,4136001,0.0,0.0
2020-06-09 06:00:00,4136001,293.2147619047619,283.0304761904762
2020-06-09 06:15:00,4136001,944.0166666666668,912.8071428571428
2020-06-09 06:30:00,4136001,1724.2838095238094,1672.3814285714286
2020-06-09 06:45:00,4136001,2887.0,2813.4933333333333
2020-06-09 07:00:00,4136001,5342.610476190476,5241.030952380952
2020-06-09 07:15:00,4136001,8456.171428571428,8308.908095238095
2020-06-09 07:30:00,4136001,10752.079523809523,10543.796666666669
2020-06-09 07:45:00,4136001,12344.507142857145,12098.33238095238
2020-06-09 08:00:00,4136001,10515.82,10313.253333333334
2020-06-09 08:15:00,4136001,11851.356666666668,11617.818095238095
2020-06-09 08:30:00,4136001,15759.042857142858,15431.426666666666
2020-06-09 08:45:00,4136001,16568.740476190476,16221.604761904762
2020-06-09 09:00:00,4136001,19459.425714285717,19037.75380952381
2020-06-09 09:15:00,4136001,20246.553333333333,19804.06
2020-06-09 09:30:00,4136001,17763.56476190476,17367.318571428572
2020-06-09 09:45:00,4136001,5072.236666666667,4952.594285714285
2020-06-09 10:00:00,4136001,14625.399047619048,14273.230476190474
2020-06-09 10:15:00,4136001,14139.926666666666,13797.033333333333
2020-06-09 10:30:00,4136001,15034.273333333334,14666.646666666666
2020-06-09 10:45:00,4136001,14148.583333333334,13809.587142857144
2020-06-09 11:00:00,4136001,12274.594761904762,11985.580952380951
2020-06-09 11:15:00,4136001,12388.497142857144,12093.957619047618
2020-06-09 11:30:00,4136001,14391.126666666669,14041.593333333334
2020-06-09 11:45:00,4136001,10800.2,10553.933333333332
2020-06-09 12:00:00,4136001,13178.586666666666,12869.509047619047
2020-06-09 12:15:00,4136001,11682.982857142855,11416.173333333332
2020-06-09 12:30:00,4136001,11863.605714285712,11603.41
2020-06-09 12:45:00,4136001,15349.54,14981.246666666666
2020-06-09 13:00:00,4136001,12086.687142857145,11807.05761904762
2020-06-09 13:15:00,4136001,12107.23142857143,11829.011904761905
2020-06-09 13:30:00,4136001,13389.926666666666,13083.070952380953
2020-06-09 13:45:00,4136001,11536.786666666669,11288.48
2020-06-09 14:00:00,4136001,11628.046666666663,11380.766666666666
2020-06-09 14:15:00,4136001,14528.16238095238,14215.709047619046
2020-06-09 14:30:00,4136001,13345.164285714283,13069.039047619048
2020-06-09 14:45:00,4136001,14739.919523809524,14436.48761904762
2020-06-09 15:00:00,4136001,15227.405714285716,14911.221904761904
2020-06-09 15:15:00,4136001,13453.873333333331,13181.52
2020-06-09 15:30:00,4136001,13528.370476190476,13253.179047619047
2020-06-09 15:45:00,4136001,17096.117619047618,16732.972380952382
2020-06-09 16:00:00,4136001,14122.038571428571,13833.97
2020-06-09 16:15:00,4136001,15617.430952380952,15293.555238095238
2020-06-09 16:30:00,4136001,13270.026666666668,13002.253333333334
2020-06-09 16:45:00,4136001,7408.85380952381,7275.604285714287
2020-06-09 17:00:00,4136001,6078.2219047619055,5961.868571428571
2020-06-09 17:15:00,4136001,5235.207142857143,5133.427619047619
2020-06-09 17:30:00,4136001,3766.52,3688.1085714285714
2020-06-09 17:45:00,4136001,2667.5733333333333,2594.633333333333
2020-06-09 18:00:00,4136001,1751.9104761904762,1699.4038095238095
2020-06-09 18:15:00,4136001,1049.837619047619,1015.350476190476
2020-06-09 18:30:00,4136001,509.4971428571429,491.9352380952381
2020-06-09 18:45:00,4136001,24.33904761904762,23.496666666666663
2020-06-09 19:00:00,4136001,0.0,0.0
2020-06-09 19:15:00,4136001,0.0,0.0
2020-06-09 19:30:00,4136001,0.0,0.0
2020-06-09 19:45:00,4136001,0.0,0.0
2020-06-09 20:00:00,4136001,0.0,0.0
2020-06-09 20:15:00,4136001,0.0,0.0
2020-06-09 20:30:00,4136001,0.0,0.0
2020-06-09 20:45:00,4136001,0.0,0.0
2020-06-09 21:00:00,4136001,0.0,0.0
2020-06-09 21:15:00,4136001,0.0,0.0
2020-06-09 21:30:00,4136001,0.0,0.0
2020-06-09 21:45:00,4136001,0.0,0.0
2020-06-09 22:00:00,4136001,0.0,0.0
2020-06-09 22:15:00,4136001,0.0,0.0
2020-06-09 22:30:00,4136001,0.0,0.0
2020-06-09 22:45:00,4136001,0.0,0.0
2020-06-09 23:00:00,4136001,0.0,0.0
2020-06-09 23:15:00,4136001,0.0,0.0
2020-06-09 23:30:00,4136001,0.0,0.0
2020-06-09 23:45:00,4136001,0.0,0.0
2020-06-10 00:00:00,4136001,0.0,0.0
2020-06-10 00:15:00,4136001,0.0,0.0
2020-06-10 00:30:00,4136001,0.0,0.0
2020-06-10 00:45:00,4136001,0.0,0.0
2020-06-10 01:00:00,4136001,0.0,0.0
2020-06-10 01:15:00,4136001,0.0,0.0
2020-06-10 01:30:00,4136001,0.0,0.0
2020-06-10 01:45:00,4136001,0.0,0.0
2020-06-10 02:00:00,4136001,0.0,0.0
2020-06-10 02:15:00,4136001,0.0,0.0
2020-06-10 02:30:00,4136001,0.0,0.0
2020-06-10 02:45:00,4136001,0.0,0.0
2020-06-10 03:00:00,4136001,0.0,0.0
2020-06-10 03:15:00,4136001,0.0,0.0
2020-06-10 03:30:00,4136001,0.0,0.0
2020-06-10 03:45:00,4136001,0.0,0.0
2020-06-10 04:00:00,4136001,0.0,0.0
2020-06-10 04:15:00,4136001,0.0,0.0
2020-06-10 04:30:00,4136001,0.0,0.0
2020-06-10 04:45:00,4136001,0.0,0.0
2020-06-10 05:00:00,4136001,0.0,0.0
2020-06-10 05:15:00,4136001,0.0,0.0
2020-06-10 05:30:00,4136001,0.0,0.0
2020-06-10 05:45:00,4136001,0.0,0.0
2020-06-10 06:00:00,4136001,262.5257142857143,253.38
2020-06-10 06:15:00,4136001,608.5104761904762,587.702380952381
2020-06-10 06:30:00,4136001,891.9409523809525,862.2728571428571
2020-06-10 06:45:00,4136001,1560.5233333333335,1512.4614285714283
2020-06-10 07:00:00,4136001,2218.14,2155.1466666666665
2020-06-10 07:15:00,4136001,2381.3266666666664,2314.709523809524
2020-06-10 07:30:00,4136001,3757.2619047619046,3678.6
2020-06-10 07:45:00,4136001,5272.815714285714,5170.555238095238
2020-06-10 08:00:00,4136001,7794.735238095238,7656.859047619047
2020-06-10 08:15:00,4136001,10750.365714285714,10544.25
2020-06-10 08:30:00,4136001,15675.28476190476,15349.147142857144
2020-06-10 08:45:00,4136001,13087.453333333331,12825.266666666666
2020-06-10 09:00:00,4136001,10690.100476190475,10486.249523809523
2020-06-10 09:15:00,4136001,11691.594285714284,11461.671904761904
2020-06-10 09:30:00,4136001,19594.02333333333,19134.367142857143
2020-06-10 09:45:00,4136001,15202.28380952381,14851.255714285711
2020-06-10 10:00:00,4136001,13760.904285714283,13457.815714285713
2020-06-10 10:15:00,4136001,14553.823809523808,14234.854285714286
2020-06-10 10:30:00,4136001,16388.566666666666,16013.026666666668
2020-06-10 10:45:00,4136001,17614.010000000002,17190.02619047619
2020-06-10 11:00:00,4136001,12580.213333333331,12272.881428571429
2020-06-10 11:15:00,4136001,0.0,0.0
2020-06-10 11:30:00,4136001,0.0,0.0
2020-06-10 11:45:00,4136001,8689.745714285715,8489.560952380953
2020-06-10 12:00:00,4136001,15082.77380952381,14722.327142857142
2020-06-10 12:15:00,4136001,15521.713333333331,15139.62
2020-06-10 12:30:00,4136001,13279.923333333334,12959.080952380951
2020-06-10 12:45:00,4136001,12309.55761904762,12021.740952380953
2020-06-10 13:00:00,4136001,8856.56,8672.526666666667
2020-06-10 13:15:00,4136001,11416.39380952381,11170.02
2020-06-10 13:30:00,4136001,13790.306666666667,13493.413333333334
2020-06-10 13:45:00,4136001,12588.539523809524,12326.921428571428
2020-06-10 14:00:00,4136001,3151.6880952380952,3096.204761904762
2020-06-10 14:15:00,4136001,6437.92,6310.16
2020-06-10 14:30:00,4136001,10150.901428571427,9958.727142857142
2020-06-10 14:45:00,4136001,5547.333333333333,5441.58
2020-06-10 15:00:00,4136001,6630.744285714285,6510.148571428572
2020-06-10 15:15:00,4136001,6720.701904761905,6601.044285714286
2020-06-10 15:30:00,4136001,5320.8133333333335,5217.613333333334
2020-06-10 15:45:00,4136001,5891.509999999999,5775.755238095238
2020-06-10 16:00:00,4136001,8989.787142857143,8831.031904761905
2020-06-10 16:15:00,4136001,9532.229047619046,9356.421428571428
2020-06-10 16:30:00,4136001,9111.22,8944.253333333332
2020-06-10 16:45:00,4136001,4824.712857142857,4732.148571428572
2020-06-10 17:00:00,4136001,2073.382857142857,2015.5828571428567
2020-06-10 17:15:00,4136001,446.122380952381,430.5961904761905
2020-06-10 17:30:00,4136001,390.1818181818182,376.4927272727273
2020-06-10 17:45:00,4136001,312.4642857142857,301.4785714285714
2020-06-10 18:00:00,4136001,186.14,179.46
2020-06-10 18:15:00,4136001,0.0,0.0
2020-06-10 18:30:00,4136001,0.0,0.0
2020-06-10 18:45:00,4136001,0.0,0.0
2020-06-10 19:00:00,4136001,0.0,0.0
2020-06-10 19:15:00,4136001,0.0,0.0
2020-06-10 19:30:00,4136001,0.0,0.0
2020-06-10 19:45:00,4136001,0.0,0.0
2020-06-10 20:00:00,4136001,0.0,0.0
2020-06-10 20:15:00,4136001,0.0,0.0
2020-06-10 20:30:00,4136001,0.0,0.0
2020-06-10 20:45:00,4136001,0.0,0.0
2020-06-10 21:00:00,4136001,0.0,0.0
2020-06-10 21:15:00,4136001,0.0,0.0
2020-06-10 21:30:00,4136001,0.0,0.0
2020-06-10 21:45:00,4136001,0.0,0.0
2020-06-10 22:00:00,4136001,0.0,0.0
2020-06-10 22:15:00,4136001,0.0,0.0
2020-06-10 22:30:00,4136001,0.0,0.0
2020-06-10 22:45:00,4136001,0.0,0.0
2020-06-10 23:00:00,4136001,0.0,0.0
2020-06-10 23:15:00,4136001,0.0,0.0
2020-06-10 23:30:00,4136001,0.0,0.0
2020-06-10 23:45:00,4136001,0.0,0.0
2020-06-11 00:00:00,4136001,0.0,0.0
2020-06-11 00:15:00,4136001,0.0,0.0
2020-06-11 00:30:00,4136001,0.0,0.0
2020-06-11 00:45:00,4136001,0.0,0.0
2020-06-11 01:00:00,4136001,0.0,0.0
2020-06-11 01:15:00,4136001,0.0,0.0
2020-06-11 01:30:00,4136001,0.0,0.0
2020-06-11 01:45:00,4136001,0.0,0.0
2020-06-11 02:00:00,4136001,0.0,0.0
2020-06-11 02:15:00,4136001,0.0,0.0
2020-06-11 02:30:00,4136001,0.0,0.0
2020-06-11 02:45:00,4136001,0.0,0.0
2020-06-11 03:00:00,4136001,0.0,0.0
2020-06-11 03:15:00,4136001,0.0,0.0
2020-06-11 03:30:00,4136001,0.0,0.0
2020-06-11 03:45:00,4136001,0.0,0.0
2020-06-11 04:00:00,4136001,0.0,0.0
2020-06-11 04:15:00,4136001,0.0,0.0
2020-06-11 04:30:00,4136001,0.0,0.0
2020-06-11 04:45:00,4136001,0.0,0.0
2020-06-11 05:00:00,4136001,0.0,0.0
2020-06-11 05:15:00,4136001,0.0,0.0
2020-06-11 05:30:00,4136001,0.0,0.0
2020-06-11 05:45:00,4136001,0.0,0.0
2020-06-11 06:00:00,4136001,16.074761904761903,15.507142857142856
2020-06-11 06:15:00,4136001,289.5109523809524,279.22285714285715
2020-06-11 06:30:00,4136001,459.84238095238095,443.9014285714286
2020-06-11 06:45:00,4136001,758.8538095238096,733.2538095238095
2020-06-11 07:00:00,4136001,1945.2780952380951,1888.4847619047616
2020-06-11 07:15:00,4136001,3350.153333333333,3272.904285714286
2020-06-11 07:30:00,4136001,3308.8385714285714,3230.220476190476
2020-06-11 07:45:00,4136001,2374.114285714286,2307.667142857143
2020-06-11 08:00:00,4136001,2295.4347619047617,2230.937142857143
2020-06-11 08:15:00,4136001,3887.392380952381,3808.256666666666
2020-06-11 08:30:00,4136001,4935.38,4838.996666666667
2020-06-11 08:45:00,4136001,7846.240476190475,7710.232857142857
2020-06-11 09:00:00,4136001,11777.040476190476,11546.167142857144
2020-06-11 09:15:00,4136001,10246.957619047618,10053.16238095238
2020-06-11 09:30:00,4136001,6207.568095238095,6093.970476190476
2020-06-11 09:45:00,4136001,7649.705238095238,7513.511428571429
2020-06-11 10:00:00,4136001,9759.47238095238,9578.859523809524
2020-06-11 10:15:00,4136001,10647.74,10442.330952380951
2020-06-11 10:30:00,4136001,11287.435714285715,11066.210952380952
2020-06-11 10:45:00,4136001,12582.34,12330.866666666669
2020-06-11 11:00:00,4136001,12989.85,12728.820952380953
2020-06-11 11:15:00,4136001,14558.90619047619,14260.659523809523
2020-06-11 11:30:00,4136001,15119.273333333333,14807.346666666666
2020-06-11 11:45:00,4136001,15770.015714285712,15431.141428571427
2020-06-11 12:00:00,4136001,0.0,0.0
2020-06-11 12:15:00,4136001,1310.5846153846153,1287.876923076923
2020-06-11 12:30:00,4136001,10707.046666666669,10503.893333333332
2020-06-11 12:45:00,4136001,12904.513333333332,12645.2
2020-06-11 13:00:00,4136001,10758.65238095238,10550.829047619049
2020-06-11 13:15:00,4136001,10386.929999999998,10189.84
2020-06-11 13:30:00,4136001,11690.96,11460.853333333333
2020-06-11 13:45:00,4136001,14369.706666666663,14075.18
2020-06-11 14:00:00,4136001,11319.866666666669,11098.72
2020-06-11 14:15:00,4136001,11092.110476190475,10877.139523809525
2020-06-11 14:30:00,4136001,7492.43,7362.432380952381
2020-06-11 14:45:00,4136001,5444.624285714286,5339.171904761904
2020-06-11 15:00:00,4136001,8302.36,8154.379999999999
2020-06-11 15:15:00,4136001,12581.673333333332,12330.726666666667
2020-06-11 15:30:00,4136001,7391.9,7258.408571428571
2020-06-11 15:45:00,4136001,9515.89619047619,9340.470952380952
2020-06-11 16:00:00,4136001,6514.908095238096,6398.164761904762
2020-06-11 16:15:00,4136001,3887.98,3808.846666666667
2020-06-11 16:30:00,4136001,3859.485714285714,3779.432380952381
2020-06-11 16:45:00,4136001,2357.8314285714287,2291.634285714286
2020-06-11 17:00:00,4136001,2567.413809523809,2496.500476190476
2020-06-11 17:15:00,4136001,2040.4880952380952,1981.73
2020-06-11 17:30:00,4136001,1931.0866666666664,1874.94
2020-06-11 17:45:00,4136001,1770.118095238095,1717.7666666666669
2020-06-11 18:00:00,4136001,1552.787619047619,1504.8223809523809
2020-06-11 18:15:00,4136001,742.8666666666667,717.9266666666666
2020-06-11 18:30:00,4136001,195.2147619047619,188.30190476190475
2020-06-11 18:45:00,4136001,0.0,0.0
2020-06-11 19:00:00,4136001,0.0,0.0
2020-06-11 19:15:00,4136001,0.0,0.0
2020-06-11 19:30:00,4136001,0.0,0.0
2020-06-11 19:45:00,4136001,0.0,0.0
2020-06-11 20:00:00,4136001,0.0,0.0
2020-06-11 20:15:00,4136001,0.0,0.0
2020-06-11 20:30:00,4136001,0.0,0.0
2020-06-11 20:45:00,4136001,0.0,0.0
2020-06-11 21:00:00,4136001,0.0,0.0
2020-06-11 21:15:00,4136001,0.0,0.0
2020-06-11 21:30:00,4136001,0.0,0.0
2020-06-11 21:45:00,4136001,0.0,0.0
2020-06-11 22:00:00,4136001,0.0,0.0
2020-06-11 22:15:00,4136001,0.0,0.0
2020-06-11 22:30:00,4136001,0.0,0.0
2020-06-11 22:45:00,4136001,0.0,0.0
2020-06-11 23:00:00,4136001,0.0,0.0
2020-06-11 23:15:00,4136001,0.0,0.0
2020-06-11 23:30:00,4136001,0.0,0.0
2020-06-11 23:45:00,4136001,0.0,0.0
2020-06-12 00:00:00,4136001,0.0,0.0
2020-06-12 00:15:00,4136001,0.0,0.0
2020-06-12 00:30:00,4136001,0.0,0.0
2020-06-12 00:45:00,4136001,0.0,0.0
2020-06-12 01:00:00,4136001,0.0,0.0
2020-06-12 01:15:00,4136001,0.0,0.0
2020-06-12 01:30:00,4136001,0.0,0.0
2020-06-12 01:45:00,4136001,0.0,0.0
2020-06-12 02:00:00,4136001,0.0,0.0
2020-06-12 02:15:00,4136001,0.0,0.0
2020-06-12 02:30:00,4136001,0.0,0.0
2020-06-12 02:45:00,4136001,0.0,0.0
2020-06-12 03:00:00,4136001,0.0,0.0
2020-06-12 03:15:00,4136001,0.0,0.0
2020-06-12 03:30:00,4136001,0.0,0.0
2020-06-12 03:45:00,4136001,0.0,0.0
2020-06-12 04:00:00,4136001,0.0,0.0
2020-06-12 04:15:00,4136001,0.0,0.0
2020-06-12 04:30:00,4136001,0.0,0.0
2020-06-12 04:45:00,4136001,0.0,0.0
2020-06-12 05:00:00,4136001,0.0,0.0
2020-06-12 05:15:00,4136001,0.0,0.0
2020-06-12 05:30:00,4136001,0.0,0.0
2020-06-12 05:45:00,4136001,0.0,0.0
2020-06-12 06:00:00,4136001,18.324761904761907,17.65952380952381
2020-06-12 06:15:00,4136001,413.30619047619047,398.9247619047619
2020-06-12 06:30:00,4136001,1032.5990476190475,998.8633333333332
2020-06-12 06:45:00,4136001,2138.4866666666667,2077.38
2020-06-12 07:00:00,4136001,2837.195238095238,2764.270476190476
2020-06-12 07:15:00,4136001,3681.004761904762,3601.557619047619
2020-06-12 07:30:00,4136001,4387.038095238096,4300.052380952381
2020-06-12 07:45:00,4136001,5706.124761904762,5597.93238095238
2020-06-12 08:00:00,4136001,5111.046666666666,5011.706666666667
2020-06-12 08:15:00,4136001,5518.042380952381,5412.830952380952
2020-06-12 08:30:00,4136001,6723.949523809524,6603.157619047619
2020-06-12 08:45:00,4136001,4016.629523809524,3931.352857142857
2020-06-12 09:00:00,4136001,10077.79238095238,9887.31619047619
2020-06-12 09:15:00,4136001,8071.26,7929.8
2020-06-12 09:30:00,4136001,13489.620952380952,13216.731904761906
2020-06-12 09:45:00,4136001,9607.231904761904,9428.957142857142
2020-06-12 10:00:00,4136001,7973.186666666666,7833.066666666667
2020-06-12 10:15:00,4136001,5498.294285714285,5393.142380952381
2020-06-12 10:30:00,4136001,5390.651904761905,5287.3623809523815
2020-06-12 10:45:00,4136001,6972.48,6841.286666666667
2020-06-12 11:00:00,4136001,12778.31380952381,12521.551904761904
2020-06-12 11:15:00,4136001,16730.39619047619,16371.958095238097
2020-06-12 11:30:00,4136001,15521.813333333332,15199.86
2020-06-12 11:45:00,4136001,13111.25761904762,12837.900476190476
2020-06-12 12:00:00,4136001,13859.13761904762,13577.369523809524
2020-06-12 12:15:00,4136001,13289.160476190476,13020.36380952381
2020-06-12 12:30:00,4136001,13055.762857142858,12793.040952380952
2020-06-12 12:45:00,4136001,10424.753333333334,10207.446666666669
2020-06-12 13:00:00,4136001,3140.7228571428573,3078.3519047619047
2020-06-12 13:15:00,4136001,13192.516666666666,12918.127142857142
2020-06-12 13:30:00,4136001,12302.10380952381,12039.73476190476
2020-06-12 13:45:00,4136001,11463.334285714283,11235.12619047619
2020-06-12 14:00:00,4136001,16349.746666666666,16007.406666666666
2020-06-12 14:15:00,4136001,13838.132380952382,13556.526666666668
2020-06-12 14:30:00,4136001,10771.670476190477,10563.709523809524
2020-06-12 14:45:00,4136001,11126.340952380951,10908.97761904762
2020-06-12 15:00:00,4136001,14869.313333333334,14563.584761904762
2020-06-12 15:15:00,4136001,13241.13238095238,12973.957142857143
2020-06-12 15:30:00,4136001,14382.96,14088.166666666666
2020-06-12 15:45:00,4136001,11631.765714285715,11402.710952380952
2020-06-12 16:00:00,4136001,9675.270476190475,9495.760952380951
2020-06-12 16:15:00,4136001,5205.533333333333,5105.782380952381
2020-06-12 16:30:00,4136001,5125.92619047619,5026.172380952381
2020-06-12 16:45:00,4136001,6116.759999999999,6001.1466666666665
2020-06-12 17:00:00,4136001,5510.630476190476,5403.985238095238
2020-06-12 17:15:00,4136001,5559.100952380953,5451.612380952381
2020-06-12 17:30:00,4136001,3784.329523809524,3702.962380952381
2020-06-12 17:45:00,4136001,2257.6614285714286,2193.619047619048
2020-06-12 18:00:00,4136001,1490.9333333333334,1445.2
2020-06-12 18:15:00,4136001,2014.895714285714,1956.4557142857143
2020-06-12 18:30:00,4136001,704.807619047619,681.2385714285714
2020-06-12 18:45:00,4136001,43.41333333333333,41.86
2020-06-12 19:00:00,4136001,0.0,0.0
2020-06-12 19:15:00,4136001,0.0,0.0
2020-06-12 19:30:00,4136001,0.0,0.0
2020-06-12 19:45:00,4136001,0.0,0.0
2020-06-12 20:00:00,4136001,0.0,0.0
2020-06-12 20:15:00,4136001,0.0,0.0
2020-06-12 20:30:00,4136001,0.0,0.0
2020-06-12 20:45:00,4136001,0.0,0.0
2020-06-12 21:00:00,4136001,0.0,0.0
2020-06-12 21:15:00,4136001,0.0,0.0
2020-06-12 21:30:00,4136001,0.0,0.0
2020-06-12 21:45:00,4136001,0.0,0.0
2020-06-12 22:00:00,4136001,0.0,0.0
2020-06-12 22:15:00,4136001,0.0,0.0
2020-06-12 22:30:00,4136001,0.0,0.0
2020-06-12 22:45:00,4136001,0.0,0.0
2020-06-12 23:00:00,4136001,0.0,0.0
2020-06-12 23:15:00,4136001,0.0,0.0
2020-06-12 23:30:00,4136001,0.0,0.0
2020-06-12 23:45:00,4136001,0.0,0.0
2020-06-13 00:00:00,4136001,0.0,0.0
2020-06-13 00:15:00,4136001,0.0,0.0
2020-06-13 00:30:00,4136001,0.0,0.0
2020-06-13 00:45:00,4136001,0.0,0.0
2020-06-13 01:00:00,4136001,0.0,0.0
2020-06-13 01:15:00,4136001,0.0,0.0
2020-06-13 01:30:00,4136001,0.0,0.0
2020-06-13 01:45:00,4136001,0.0,0.0
2020-06-13 02:00:00,4136001,0.0,0.0
2020-06-13 02:15:00,4136001,0.0,0.0
2020-06-13 02:30:00,4136001,0.0,0.0
2020-06-13 02:45:00,4136001,0.0,0.0
2020-06-13 03:00:00,4136001,0.0,0.0
2020-06-13 03:15:00,4136001,0.0,0.0
2020-06-13 03:30:00,4136001,0.0,0.0
2020-06-13 03:45:00,4136001,0.0,0.0
2020-06-13 04:00:00,4136001,0.0,0.0
2020-06-13 04:15:00,4136001,0.0,0.0
2020-06-13 04:30:00,4136001,0.0,0.0
2020-06-13 04:45:00,4136001,0.0,0.0
2020-06-13 05:00:00,4136001,0.0,0.0
2020-06-13 05:15:00,4136001,0.0,0.0
2020-06-13 05:30:00,4136001,0.0,0.0
2020-06-13 05:45:00,4136001,0.0,0.0
2020-06-13 06:00:00,4136001,58.82333333333333,56.74523809523809
2020-06-13 06:15:00,4136001,906.0533333333332,875.88
2020-06-13 06:30:00,4136001,1568.9609523809524,1520.5695238095238
2020-06-13 06:45:00,4136001,2445.089523809524,2379.398571428572
2020-06-13 07:00:00,4136001,4218.086666666666,4134.133333333333
2020-06-13 07:15:00,4136001,3990.2247619047616,3907.063333333333
2020-06-13 07:30:00,4136001,7451.572380952381,7322.083333333333
2020-06-13 07:45:00,4136001,6195.345714285714,6080.064285714286
2020-06-13 08:00:00,4136001,8081.417142857143,7939.035714285714
2020-06-13 08:15:00,4136001,9546.169047619049,9365.032380952382
2020-06-13 08:30:00,4136001,7863.04,7718.36
2020-06-13 08:45:00,4136001,12399.100952380952,12153.677142857145
2020-06-13 09:00:00,4136001,13762.02238095238,13477.820952380953
2020-06-13 09:15:00,4136001,7896.592380952381,7758.378095238095
2020-06-13 09:30:00,4136001,13896.894285714288,13610.404285714283
2020-06-13 09:45:00,4136001,5990.16,5864.74
2020-06-13 10:00:00,4136001,10508.256666666666,10282.488571428572
2020-06-13 10:15:00,4136001,12846.57619047619,12577.243809523809
2020-06-13 10:30:00,4136001,3594.3928571428573,3506.09
2020-06-13 10:45:00,4136001,0.0,0.0
2020-06-13 11:00:00,4136001,7658.426666666666,7473.686666666666
2020-06-13 11:15:00,4136001,10958.68,10710.086666666666
2020-06-13 11:30:00,4136001,10266.35238095238,10043.414761904762
2020-06-13 11:45:00,4136001,11143.806666666667,10893.55380952381
2020-06-13 12:00:00,4136001,13029.143809523808,12727.106190476188
2020-06-13 12:15:00,4136001,15658.626666666669,15280.313333333332
2020-06-13 12:30:00,4136001,15476.281428571428,15102.39619047619
2020-06-13 12:45:00,4136001,10491.970476190476,10264.110476190475
2020-06-13 13:00:00,4136001,14307.80238095238,13966.158571428572
2020-06-13 13:15:00,4136001,12320.322857142855,12035.44238095238
2020-06-13 13:30:00,4136001,12553.26,12264.24
2020-06-13 13:45:00,4136001,6036.041904761904,5923.228095238095
2020-06-13 14:00:00,4136001,13403.049047619048,13095.15
2020-06-13 14:15:00,4136001,11217.80619047619,10979.835238095238
2020-06-13 14:30:00,4136001,18601.24,18154.373333333333
2020-06-13 14:45:00,4136001,8843.35761904762,8666.57
2020-06-13 15:00:00,4136001,12772.198571428573,12510.532857142856
2020-06-13 15:15:00,4136001,15687.341904761905,15353.454761904764
2020-06-13 15:30:00,4136001,15304.82857142857,14974.681904761905
2020-06-13 15:45:00,4136001,14784.673333333332,14478.486666666666
2020-06-13 16:00:00,4136001,9507.649523809525,9314.87380952381
2020-06-13 16:15:00,4136001,13396.718095238097,13120.100476190475
2020-06-13 16:30:00,4136001,9233.866666666669,9050.48
2020-06-13 16:45:00,4136001,10297.415238095238,10085.889523809525
2020-06-13 17:00:00,4136001,10823.686666666666,10614.094761904762
2020-06-13 17:15:00,4136001,6129.985238095238,6014.270476190476
2020-06-13 17:30:00,4136001,4363.493333333333,4274.7733333333335
2020-06-13 17:45:00,4136001,2940.790476190476,2870.197142857143
2020-06-13 18:00:00,4136001,2702.677619047619,2630.4542857142856
2020-06-13 18:15:00,4136001,1522.8514285714286,1476.194761904762
2020-06-13 18:30:00,4136001,619.6466666666666,598.5614285714286
2020-06-13 18:45:00,4136001,33.02047619047619,31.84380952380953
2020-06-13 19:00:00,4136001,0.0,0.0
2020-06-13 19:15:00,4136001,0.0,0.0
2020-06-13 19:30:00,4136001,0.0,0.0
2020-06-13 19:45:00,4136001,0.0,0.0
2020-06-13 20:00:00,4136001,0.0,0.0
2020-06-13 20:15:00,4136001,0.0,0.0
2020-06-13 20:30:00,4136001,0.0,0.0
2020-06-13 20:45:00,4136001,0.0,0.0
2020-06-13 21:00:00,4136001,0.0,0.0
2020-06-13 21:15:00,4136001,0.0,0.0
2020-06-13 21:30:00,4136001,0.0,0.0
2020-06-13 21:45:00,4136001,0.0,0.0
2020-06-13 22:00:00,4136001,0.0,0.0
2020-06-13 22:15:00,4136001,0.0,0.0
2020-06-13 22:30:00,4136001,0.0,0.0
2020-06-13 22:45:00,4136001,0.0,0.0
2020-06-13 23:00:00,4136001,0.0,0.0
2020-06-13 23:15:00,4136001,0.0,0.0
2020-06-13 23:30:00,4136001,0.0,0.0
2020-06-13 23:45:00,4136001,0.0,0.0
2020-06-14 00:00:00,4136001,0.0,0.0
2020-06-14 00:15:00,4136001,0.0,0.0
2020-06-14 00:30:00,4136001,0.0,0.0
2020-06-14 00:45:00,4136001,0.0,0.0
2020-06-14 01:00:00,4136001,0.0,0.0
2020-06-14 01:15:00,4136001,0.0,0.0
2020-06-14 01:30:00,4136001,0.0,0.0
2020-06-14 01:45:00,4136001,0.0,0.0
2020-06-14 02:00:00,4136001,0.0,0.0
2020-06-14 02:15:00,4136001,0.0,0.0
2020-06-14 02:30:00,4136001,0.0,0.0
2020-06-14 02:45:00,4136001,0.0,0.0
2020-06-14 03:00:00,4136001,0.0,0.0
2020-06-14 03:15:00,4136001,0.0,0.0
2020-06-14 03:30:00,4136001,0.0,0.0
2020-06-14 03:45:00,4136001,0.0,0.0
2020-06-14 04:00:00,4136001,0.0,0.0
2020-06-14 04:15:00,4136001,0.0,0.0
2020-06-14 04:30:00,4136001,0.0,0.0
2020-06-14 04:45:00,4136001,0.0,0.0
2020-06-14 05:00:00,4136001,0.0,0.0
2020-06-14 05:15:00,4136001,0.0,0.0
2020-06-14 05:30:00,4136001,0.0,0.0
2020-06-14 05:45:00,4136001,0.0,0.0
2020-06-14 06:00:00,4136001,306.3095238095238,295.81904761904764
2020-06-14 06:15:00,4136001,1032.4666666666667,998.5333333333332
2020-06-14 06:30:00,4136001,2118.9709523809524,2058.3338095238096
2020-06-14 06:45:00,4136001,3550.365238095238,3471.639047619048
2020-06-14 07:00:00,4136001,5098.398095238095,5000.258095238095
2020-06-14 07:15:00,4136001,6494.06,6375.486666666667
2020-06-14 07:30:00,4136001,8101.525714285714,7954.534761904762
2020-06-14 07:45:00,4136001,10075.604761904762,9879.97476190476
2020-06-14 08:00:00,4136001,10140.417142857144,9943.520952380952
2020-06-14 08:15:00,4136001,7856.023333333333,7710.522380952381
2020-06-14 08:30:00,4136001,11446.406666666666,11488.042857142858
2020-06-14 08:45:00,4136001,9610.738095238095,9430.033333333333
2020-06-14 09:00:00,4136001,15313.48857142857,14985.193333333333
2020-06-14 09:15:00,4136001,11040.138095238097,10814.327142857142
2020-06-14 09:30:00,4136001,11644.108571428573,11403.442857142858
2020-06-14 09:45:00,4136001,10842.473333333332,10623.3
2020-06-14 10:00:00,4136001,12493.129047619048,12226.275238095235
2020-06-14 10:15:00,4136001,14442.056666666664,14106.534285714286
2020-06-14 10:30:00,4136001,14876.287142857142,14519.21476190476
2020-06-14 10:45:00,4136001,10248.59761904762,10018.790476190476
2020-06-14 11:00:00,4136001,15261.606666666665,14896.86
2020-06-14 11:15:00,4136001,13697.49,13378.19238095238
2020-06-14 11:30:00,4136001,13162.960476190476,12859.930476190477
2020-06-14 11:45:00,4136001,11735.835238095238,11474.687142857145
2020-06-14 12:00:00,4136001,12174.001904761904,11908.557142857142
2020-06-14 12:15:00,4136001,16734.816666666666,16330.534761904762
2020-06-14 12:30:00,4136001,17283.906666666666,16859.98380952381
2020-06-14 12:45:00,4136001,15620.360476190475,15244.790952380954
2020-06-14 13:00:00,4136001,14139.169047619049,13791.481904761906
2020-06-14 13:15:00,4136001,14971.37,14602.32619047619
2020-06-14 13:30:00,4136001,13391.94,13068.246666666666
2020-06-14 13:45:00,4136001,13210.029047619048,12894.168095238096
2020-06-14 14:00:00,4136001,14260.520952380952,13917.196190476192
2020-06-14 14:15:00,4136001,9263.686666666666,9066.386666666664
2020-06-14 14:30:00,4136001,10987.671428571428,10770.56761904762
2020-06-14 14:45:00,4136001,18539.486666666668,18109.95333333333
2020-06-14 15:00:00,4136001,11473.339523809524,11234.69238095238
2020-06-14 15:15:00,4136001,6314.878571428571,6197.971428571428
2020-06-14 15:30:00,4136001,14555.386666666664,14250.806666666664
2020-06-14 15:45:00,4136001,17286.121428571427,16914.095238095237
2020-06-14 16:00:00,4136001,10078.293333333331,9888.693333333333
2020-06-14 16:15:00,4136001,6716.085238095238,6593.959047619048
2020-06-14 16:30:00,4136001,10646.09238095238,10440.93523809524
2020-06-14 16:45:00,4136001,5888.17380952381,5770.537142857143
2020-06-14 17:00:00,4136001,5871.724761904762,5762.763333333333
2020-06-14 17:15:00,4136001,4833.351904761905,4738.783809523809
2020-06-14 17:30:00,4136001,3683.7261904761904,3605.691904761905
2020-06-14 17:45:00,4136001,3347.1266666666666,3268.2133333333336
2020-06-14 18:00:00,4136001,2243.5538095238094,2180.0566666666664
2020-06-14 18:15:00,4136001,1312.753333333333,1271.1266666666666
2020-06-14 18:30:00,4136001,494.4271428571428,477.5366666666666
2020-06-14 18:45:00,4136001,0.0,0.0
2020-06-14 19:00:00,4136001,0.0,0.0
2020-06-14 19:15:00,4136001,0.0,0.0
2020-06-14 19:30:00,4136001,0.0,0.0
2020-06-14 19:45:00,4136001,0.0,0.0
2020-06-14 20:00:00,4136001,0.0,0.0
2020-06-14 20:15:00,4136001,0.0,0.0
2020-06-14 20:30:00,4136001,0.0,0.0
2020-06-14 20:45:00,4136001,0.0,0.0
2020-06-14 21:00:00,4136001,0.0,0.0
2020-06-14 21:15:00,4136001,0.0,0.0
2020-06-14 21:30:00,4136001,0.0,0.0
2020-06-14 21:45:00,4136001,0.0,0.0
2020-06-14 22:00:00,4136001,0.0,0.0
2020-06-14 22:15:00,4136001,0.0,0.0
2020-06-14 22:30:00,4136001,0.0,0.0
2020-06-14 22:45:00,4136001,0.0,0.0
2020-06-14 23:00:00,4136001,0.0,0.0
2020-06-14 23:15:00,4136001,0.0,0.0
2020-06-14 23:30:00,4136001,0.0,0.0
2020-06-14 23:45:00,4136001,0.0,0.0
2020-06-15 00:00:00,4136001,0.0,0.0
2020-06-15 00:15:00,4136001,0.0,0.0
2020-06-15 00:30:00,4136001,0.0,0.0
2020-06-15 00:45:00,4136001,0.0,0.0
2020-06-15 01:00:00,4136001,0.0,0.0
2020-06-15 01:15:00,4136001,0.0,0.0
2020-06-15 01:30:00,4136001,0.0,0.0
2020-06-15 01:45:00,4136001,0.0,0.0
2020-06-15 02:00:00,4136001,0.0,0.0
2020-06-15 02:15:00,4136001,0.0,0.0
2020-06-15 02:30:00,4136001,0.0,0.0
2020-06-15 02:45:00,4136001,0.0,0.0
2020-06-15 03:00:00,4136001,0.0,0.0
2020-06-15 03:15:00,4136001,0.0,0.0
2020-06-15 03:30:00,4136001,0.0,0.0
2020-06-15 03:45:00,4136001,0.0,0.0
2020-06-15 04:00:00,4136001,0.0,0.0
2020-06-15 04:15:00,4136001,0.0,0.0
2020-06-15 04:30:00,4136001,0.0,0.0
2020-06-15 04:45:00,4136001,0.0,0.0
2020-06-15 05:00:00,4136001,0.0,0.0
2020-06-15 05:15:00,4136001,0.0,0.0
2020-06-15 05:30:00,4136001,0.0,0.0
2020-06-15 05:45:00,4136001,0.0,0.0
2020-06-15 06:00:00,4136001,242.75666666666663,234.31761904761905
2020-06-15 06:15:00,4136001,718.7199999999999,694.6933333333333
2020-06-15 06:30:00,4136001,1893.787619047619,1838.365238095238
2020-06-15 06:45:00,4136001,2708.1647619047617,2634.2990476190475
2020-06-15 07:00:00,4136001,4421.725714285714,4333.000952380952
2020-06-15 07:15:00,4136001,5187.567619047619,5086.727619047619
2020-06-15 07:30:00,4136001,4842.041428571429,4748.241904761905
2020-06-15 07:45:00,4136001,9476.734285714285,9296.184761904762
2020-06-15 08:00:00,4136001,10876.183333333332,10663.540952380952
2020-06-15 08:15:00,4136001,12620.513333333332,12367.753333333334
2020-06-15 08:30:00,4136001,14236.729523809525,13938.75714285714
2020-06-15 08:45:00,4136001,15184.178095238094,14858.672857142856
2020-06-15 09:00:00,4136001,10776.784285714286,10546.150476190476
2020-06-15 09:15:00,4136001,10616.2,10383.833333333332
2020-06-15 09:30:00,4136001,7090.110476190475,6954.448571428571
2020-06-15 09:45:00,4136001,10497.716666666667,10270.061904761904
2020-06-15 10:00:00,4136001,13908.090952380951,13571.532380952382
2020-06-15 10:15:00,4136001,12550.12,12251.326666666666
2020-06-15 10:30:00,4136001,11044.62476190476,10790.080952380951
2020-06-15 10:45:00,4136001,7890.9,7730.806666666667
2020-06-15 11:00:00,4136001,7630.146190476191,7480.081428571429
2020-06-15 11:15:00,4136001,12056.03,11779.47761904762
2020-06-15 11:30:00,4136001,8937.767142857143,8739.598095238094
2020-06-15 11:45:00,4136001,7369.58,7215.586666666667
2020-06-15 12:00:00,4136001,9890.746666666666,9670.12
2020-06-15 12:15:00,4136001,12718.292380952382,12413.529047619048
2020-06-15 12:30:00,4136001,9683.186666666666,9470.166666666666
2020-06-15 12:45:00,4136001,7616.791428571429,7463.195714285714
2020-06-15 13:00:00,4136001,9074.153333333334,8890.6
2020-06-15 13:15:00,4136001,4098.588095238095,4012.793333333333
2020-06-15 13:30:00,4136001,8877.599523809524,8715.52619047619
2020-06-15 13:45:00,4136001,13761.643333333332,13481.600476190475
2020-06-15 14:00:00,4136001,14503.10380952381,14166.74238095238
2020-06-15 14:15:00,4136001,6757.5,6618.546666666666
2020-06-15 14:30:00,4136001,12002.200476190475,11757.338095238094
2020-06-15 14:45:00,4136001,10658.305714285714,10445.35761904762
2020-06-15 15:00:00,4136001,9275.715238095238,9103.73857142857
2020-06-15 15:15:00,4136001,14124.253333333332,13836.366666666669
2020-06-15 15:30:00,4136001,11093.575238095238,10878.87619047619
2020-06-15 15:45:00,4136001,4081.580476190476,3995.884285714286
2020-06-15 16:00:00,4136001,6685.22,6567.83380952381
2020-06-15 16:15:00,4136001,8435.64,8289.373333333333
2020-06-15 16:30:00,4136001,8153.153809523809,8004.150476190476
2020-06-15 16:45:00,4136001,8797.019523809524,8642.181904761905
2020-06-15 17:00:00,4136001,5338.022380952381,5235.411428571429
2020-06-15 17:15:00,4136001,2038.960476190476,1980.179523809524
