date_time,plant_id,ambient_temperature,module_temperature,irradiation
2020-06-06 16:15:00,4136001,33.714940433333325,42.38712886666667,0.4327976923333333
2020-06-06 16:30:00,4136001,33.60099113793103,41.21095117241379,0.3867017306896553
2020-06-06 16:45:00,4136001,33.657895066666654,40.12103706666667,0.33048664
2020-06-06 17:00:00,4136001,33.36201868965518,38.70877489655173,0.2656780362068965
2020-06-06 17:15:00,4136001,33.07268886666666,37.05692040000001,0.2082114653333333
2020-06-06 17:30:00,4136001,32.425569413793085,34.998486896551725,0.145503933137931
2020-06-06 17:45:00,4136001,31.981884566666665,33.544722433333334,0.1147372735
2020-06-06 18:00:00,4136001,31.524796600000005,32.09003803333333,0.0715695982666666
2020-06-06 18:15:00,4136001,30.778523310344827,30.55973224137931,0.03898931
2020-06-06 18:30:00,4136001,30.2812236,29.55416656666668,0.0180381478
2020-06-06 18:45:00,4136001,29.741580172413794,28.65536179310345,0.0021596940082758
2020-06-06 19:00:00,4136001,29.318510866666664,27.892811,0.0
2020-06-06 19:15:00,4136001,28.99656524137931,27.534605931034488,0.0
2020-06-06 19:30:00,4136001,28.65788573333333,27.18081766666667,0.0
2020-06-06 19:45:00,4136001,28.304477034482755,26.77728789655172,0.0
2020-06-06 20:00:00,4136001,27.94598793333333,26.595780333333337,0.0
2020-06-06 20:15:00,4136001,27.288074344827585,26.094200310344824,0.0
2020-06-06 20:30:00,4136001,26.9000774,25.643047066666664,0.0
2020-06-06 20:45:00,4136001,26.508464931034485,25.122009275862062,0.0
2020-06-06 21:00:00,4136001,26.1909464,24.84469293333333,0.0
2020-06-06 21:15:00,4136001,25.930951,24.55359193333333,0.0
2020-06-06 21:30:00,4136001,25.632065241379312,24.262790000000003,0.0
2020-06-06 21:45:00,4136001,25.3672495,24.029856533333337,0.0
2020-06-06 22:00:00,4136001,25.177572344827592,23.72428220689656,0.0
2020-06-06 22:15:00,4136001,25.0475006,23.534215333333336,0.0
2020-06-06 22:30:00,4136001,24.92164444827586,23.52422248275862,0.0
2020-06-06 22:45:00,4136001,24.808846000000003,23.3340862,0.0
2020-06-06 23:00:00,4136001,24.802834999999995,23.34043683333333,0.0
2020-06-06 23:15:00,4136001,24.7329005862069,23.273788,0.0
2020-06-06 23:30:00,4136001,24.579077266666665,22.9552134,0.0
2020-06-06 23:45:00,4136001,24.532188689655168,22.799637344827584,0.0
2020-06-07 00:00:00,4136001,24.3857169,22.619037899999995,0.0
2020-06-07 00:15:00,4136001,24.392174500000003,22.688972866666663,0.0
2020-06-07 00:30:00,4136001,24.359045827586204,22.73495910344828,0.0
2020-06-07 00:45:00,4136001,24.391694266666665,22.958560066666656,0.0
2020-06-07 01:00:00,4136001,24.30218727586206,22.827804275862068,0.0
2020-06-07 01:15:00,4136001,24.342613866666667,22.832511500000003,0.0
2020-06-07 01:30:00,4136001,24.3064719,22.95313816666667,0.0
2020-06-07 01:45:00,4136001,24.19485365517241,22.8620615862069,0.0
2020-06-07 02:00:00,4136001,23.985088166666667,22.50505680000001,0.0
2020-06-07 02:15:00,4136001,23.82529931034483,22.16628610344828,0.0
2020-06-07 02:30:00,4136001,23.664291366666667,21.830670166666664,0.0
2020-06-07 02:45:00,4136001,23.31627113333333,21.218171166666664,0.0
2020-06-07 03:00:00,4136001,23.14063131034484,21.037621965517243,0.0
2020-06-07 03:15:00,4136001,23.056502233333333,21.101725266666666,0.0
2020-06-07 03:30:00,4136001,23.4088904137931,21.518097999999995,0.0
2020-06-07 03:45:00,4136001,23.646175233333327,22.129058866666668,7.678045999999997e-06
2020-06-07 04:00:00,4136001,23.873299,23.0493317,9.08570702e-05
2020-06-07 04:15:00,4136001,23.925614689655177,23.242368655172413,0.0
2020-06-07 04:30:00,4136001,23.995880266666667,23.3759725,0.0
2020-06-07 04:45:00,4136001,23.93255503333333,23.03222253333333,0.0
2020-06-07 05:00:00,4136001,23.76671406896552,22.608825724137933,0.0
2020-06-07 05:15:00,4136001,23.3882874,22.1521474,0.0
2020-06-07 05:30:00,4136001,23.313739655172416,22.205520310344827,0.0
2020-06-07 05:45:00,4136001,23.304092500000007,22.277756933333333,0.0020051966493333
2020-06-07 06:00:00,4136001,23.327774966666667,22.424058966666664,0.01179843906
2020-06-07 06:15:00,4136001,23.45449213793104,22.8433511724138,0.0303361282413793
2020-06-07 06:30:00,4136001,23.678839033333333,23.679221666666667,0.0494592853999999
2020-06-07 06:45:00,4136001,23.861757310344828,24.523913241379308,0.0546033535172413
2020-06-07 07:00:00,4136001,24.029326533333336,25.32207020000001,0.0703298707
2020-06-07 07:15:00,4136001,24.345213866666665,26.29204303333333,0.0909268875
2020-06-07 07:30:00,4136001,24.66438765517241,27.79724751724138,0.1467895927586206
2020-06-07 07:45:00,4136001,25.2397206,30.733236733333328,0.226475932
2020-06-07 08:00:00,4136001,25.77827624137931,32.73560606896552,0.2199984668965517
2020-06-07 08:15:00,4136001,25.902603233333327,33.65886329999999,0.3211485096666666
2020-06-07 08:30:00,4136001,26.49719124137931,36.86738248275863,0.3440621627586207
2020-06-07 08:45:00,4136001,27.04438073333333,39.0137531,0.5138264700000001
2020-06-07 09:00:00,4136001,27.667932033333337,40.99160059999999,0.5373073253333333
2020-06-07 09:15:00,4136001,28.49463520689655,43.01073889655173,0.710892114137931
2020-06-07 09:30:00,4136001,29.140061533333327,49.17093513333333,0.8125590883333333
2020-06-07 09:45:00,4136001,30.203821413793104,53.47384431034483,0.8467225089655172
2020-06-07 10:00:00,4136001,30.35451043333333,54.12945963333334,0.8726596406666667
2020-06-07 10:15:00,4136001,30.910610862068964,55.755181586206895,0.9375678951724136
2020-06-07 10:30:00,4136001,31.14486896666667,53.88275476666667,0.7992798963333334
2020-06-07 10:45:00,4136001,30.656612133333336,47.68844996666667,0.5872014193333333
2020-06-07 11:00:00,4136001,30.802704931034487,48.10768699999999,0.6607782920689654
2020-06-07 11:15:00,4136001,31.27982993333333,49.56139226666667,0.7916990476666667
2020-06-07 11:30:00,4136001,31.66923168965517,53.56500248275861,0.8945636462068964
2020-06-07 11:45:00,4136001,31.71421196666667,49.82322993333332,0.8207219526666667
2020-06-07 12:00:00,4136001,32.61345410344827,56.431411103448255,0.9401011872413793
2020-06-07 12:15:00,4136001,32.843473100000004,56.15691226666667,1.0313671876666668
2020-06-07 12:30:00,4136001,33.394238200000004,60.12068173333333,1.0608216526666665
2020-06-07 12:45:00,4136001,32.92408189655172,55.86176493103447,0.7966550186206898
2020-06-07 13:00:00,4136001,32.72522613333333,50.915576066666674,0.6859530023333332
2020-06-07 13:15:00,4136001,33.03033251724138,49.4143646551724,0.7973102444827586
2020-06-07 13:30:00,4136001,33.60120353333335,53.343462,0.7106564423333332
2020-06-07 13:45:00,4136001,33.778215,54.16132220689655,0.7980341431034484
2020-06-07 14:00:00,4136001,33.454995533333324,53.975506666666654,0.7937635736666667
2020-06-07 14:15:00,4136001,32.816685066666686,50.00570463333335,0.739974206
2020-06-07 14:30:00,4136001,33.3852034137931,52.575669,0.7410701599999999
2020-06-07 14:45:00,4136001,33.7029401,52.67560216666666,0.734267409
2020-06-07 15:00:00,4136001,33.60650644827587,48.5469233448276,0.5456832444827587
2020-06-07 15:15:00,4136001,33.931534,49.6021231,0.5886498649999999
2020-06-07 15:30:00,4136001,34.03528106896551,49.24357441379311,0.5693968248275862
2020-06-07 15:45:00,4136001,33.72255250000001,46.05866300000001,0.4384509096666665
2020-06-07 16:00:00,4136001,32.030420966666675,37.55164403333334,0.1739167188
2020-06-07 16:15:00,4136001,30.78578237931034,32.54686437931036,0.3473763027931034
2020-06-07 16:30:00,4136001,31.264936366666664,36.13893116666667,0.2288779286666666
2020-06-07 16:45:00,4136001,31.39393368965517,33.76577124137931,0.1319833670344827
2020-06-07 17:00:00,4136001,31.5385315,34.34889863333335,0.2230345256666667
2020-06-07 17:15:00,4136001,31.88112573333333,35.58254099999999,0.1942116008
2020-06-07 17:30:00,4136001,31.70461913793104,34.333354206896544,0.161588177413793
2020-06-07 17:45:00,4136001,31.4926077,33.12576496666667,0.1146412660333333
2020-06-07 18:00:00,4136001,31.15442824137932,31.56236962068965,0.0681029844137931
2020-06-07 18:15:00,4136001,30.51208193333333,30.23402086666667,0.0422383711666666
2020-06-07 18:30:00,4136001,29.778644275862074,29.073859931034484,0.0192496679655172
2020-06-07 18:45:00,4136001,29.298944166666665,28.245228,0.0037315805733333
2020-06-07 19:00:00,4136001,28.9192829,27.5814371,2.558505556666667e-05
2020-06-07 19:15:00,4136001,28.54377696551724,27.12873793103449,0.0
2020-06-07 19:30:00,4136001,28.2098145,26.85495193333333,0.0
2020-06-07 19:45:00,4136001,28.011380000000003,26.64253906896552,0.0
2020-06-07 20:00:00,4136001,27.74761036666667,26.298777366666663,0.0
2020-06-07 20:15:00,4136001,27.48150217241379,26.08121555172413,0.0
2020-06-07 20:30:00,4136001,27.152643666666663,25.8109556,0.0
2020-06-07 20:45:00,4136001,26.817372448275865,25.502152,0.0
2020-06-07 21:00:00,4136001,26.631459366666665,25.255108466666663,0.0
2020-06-07 21:15:00,4136001,26.52411093103448,25.14388613793104,0.0
2020-06-07 21:30:00,4136001,26.3899577,25.038738866666662,0.0
2020-06-07 21:45:00,4136001,26.28570472413793,24.954618137931043,0.0
2020-06-07 22:00:00,4136001,26.128687533333338,24.8407493,0.0
2020-06-07 22:15:00,4136001,26.035083033333333,24.78020146666666,0.0
2020-06-07 22:30:00,4136001,25.86431058620689,24.63717220689655,0.0
2020-06-07 22:45:00,4136001,25.652661066666663,24.3556925,0.0
2020-06-07 23:00:00,4136001,25.51786096551724,24.239691344827584,0.0
2020-06-07 23:15:00,4136001,25.37638426666667,24.021863866666656,0.0
2020-06-07 23:30:00,4136001,25.25346227586208,23.747111379310343,0.0
2020-06-07 23:45:00,4136001,25.127188266666664,23.5922253,0.0
2020-06-08 00:00:00,4136001,24.993941655172414,23.46560568965517,0.0
2020-06-08 00:15:00,4136001,24.852965133333328,23.282042633333337,0.0
2020-06-08 00:30:00,4136001,24.749431517241383,23.031024793103448,0.0
2020-06-08 00:45:00,4136001,24.5821158,22.699346966666667,0.0
2020-06-08 01:00:00,4136001,24.471458758620688,22.484646517241377,0.0
2020-06-08 01:15:00,4136001,24.421980933333334,22.509365933333328,0.0
2020-06-08 01:30:00,4136001,24.31886606666666,22.5281493,0.0
2020-06-08 01:45:00,4136001,24.233158517241385,22.51216286206897,0.0
2020-06-08 02:00:00,4136001,24.1686308,22.469710366666664,0.0
2020-06-08 02:15:00,4136001,24.182082689655168,22.57848182758621,0.0
2020-06-08 02:30:00,4136001,24.2773612,23.1083049,0.0
2020-06-08 02:45:00,4136001,24.488492933333333,23.68562743333333,0.0
2020-06-08 03:00:00,4136001,24.461681586206904,23.499139379310343,0.0
2020-06-08 03:15:00,4136001,24.351066133333333,23.058846066666664,0.0
2020-06-08 03:30:00,4136001,24.2730491724138,22.993584862068968,0.0
2020-06-08 03:45:00,4136001,24.285703599999994,23.15494693333333,0.0
2020-06-08 04:00:00,4136001,24.31489576666667,23.3794363,0.0
2020-06-08 04:15:00,4136001,24.185381071428573,23.00484142857143,0.0
2020-06-08 04:30:00,4136001,24.2595317,23.466709466666668,0.0
2020-06-08 04:45:00,4136001,24.276126379310345,23.49121834482758,0.0
2020-06-08 05:00:00,4136001,24.22245576666667,23.3793477,0.0
2020-06-08 05:15:00,4136001,24.25752373333333,23.658629566666672,0.0
2020-06-08 05:30:00,4136001,23.98507489655172,22.633693241379305,0.0
2020-06-08 05:45:00,4136001,23.986628266666667,23.037936433333336,0.0018528598456666
2020-06-08 06:00:00,4136001,24.205060344827587,23.79898934482759,0.0146551610034482
2020-06-08 06:15:00,4136001,24.331214600000003,23.9384053,0.0392247689
2020-06-08 06:30:00,4136001,24.517363517241385,24.585816517241376,0.0659926922413793
2020-06-08 06:45:00,4136001,24.8456013,25.580103466666667,0.0889491841
2020-06-08 07:00:00,4136001,25.224013166666666,27.11620573333333,0.1950850521333333
2020-06-08 07:15:00,4136001,25.63099824137931,29.72970686206897,0.2136168020344828
2020-06-08 07:30:00,4136001,25.745165000000004,31.448751766666664,0.3196091196666666
2020-06-08 07:45:00,4136001,26.189314172413788,34.096579827586204,0.3787636724137931
2020-06-08 08:00:00,4136001,26.677007033333336,36.411857066666656,0.4478052886666666
2020-06-08 08:15:00,4136001,26.91035206896552,36.49297772413794,0.3442403296551724
2020-06-08 08:30:00,4136001,27.242980966666664,37.49083386666668,0.5150724836666666
2020-06-08 08:45:00,4136001,27.509329366666663,37.0606384,0.3601402536666665
2020-06-08 09:00:00,4136001,28.029827241379305,38.45545786206896,0.559821446551724
2020-06-08 09:15:00,4136001,28.497391296296296,40.135088851851854,0.4691874514814814
2020-06-08 09:30:00,4136001,28.96267034782609,41.09230130434782,0.7317601882608696
2020-06-08 09:45:00,4136001,29.46306278571428,43.67498875000001,0.8086245521428572
2020-06-08 10:00:00,4136001,29.789045448275864,43.43828806896552,0.659905465862069
2020-06-08 10:15:00,4136001,30.264954666666668,47.16902866666666,0.8487661903333334
2020-06-08 10:30:00,4136001,31.225147103448275,55.107678758620686,0.9147767362068968
2020-06-08 10:45:00,4136001,31.23928343333333,51.54766013333333,0.726866196
2020-06-08 11:00:00,4136001,31.644782793103456,55.886171586206885,0.968234732413793
2020-06-08 11:15:00,4136001,31.6512615,53.74365429999999,0.8270961906666667
2020-06-08 11:30:00,4136001,31.93157020689656,54.67335772413792,0.9459829844827584
2020-06-08 11:45:00,4136001,32.13035090000001,54.910771700000005,0.8896266996666666
2020-06-08 12:00:00,4136001,32.11926062068966,53.073873758620685,0.7076265589655171
2020-06-08 12:15:00,4136001,32.299311299999985,52.531129866666674,0.9929877596666667
2020-06-08 12:30:00,4136001,33.3718682413793,57.84481582758621,0.975599393448276
2020-06-08 12:45:00,4136001,33.46882423333333,59.603781,0.919472782
2020-06-08 13:00:00,4136001,33.097265965517245,51.85124986206896,0.7769413851724137
2020-06-08 13:15:00,4136001,33.37835496666667,50.7018586,0.6180603946666666
2020-06-08 13:30:00,4136001,33.48709813793103,52.67072368965517,0.8907123813793103
2020-06-08 13:45:00,4136001,33.73505129999998,52.3897389,0.6725076190000001
2020-06-08 14:00:00,4136001,34.04048520689655,52.49896431034484,0.8504849924137932
2020-06-08 14:15:00,4136001,34.30160923333333,55.354745566666665,0.8372840246666668
2020-06-08 14:30:00,4136001,34.651486133333336,55.11219686666668,0.8272664623333335
2020-06-08 14:45:00,4136001,34.95383220689654,55.212895,0.8057083706896551
2020-06-08 15:00:00,4136001,34.52540486666666,52.0578676,0.5830057133333332
2020-06-08 15:15:00,4136001,34.56790527586206,49.88112982758621,0.6698914724137933
2020-06-08 15:30:00,4136001,34.643021766666656,49.4074188,0.6618464033333333
2020-06-08 15:45:00,4136001,34.78082813793104,48.18100510344827,0.5469249258620686
2020-06-08 16:00:00,4136001,34.512670799999995,44.64368766666667,0.4552620366666667
2020-06-08 16:15:00,4136001,34.0803748275862,42.50126886206896,0.3886018355172414
2020-06-08 16:30:00,4136001,33.91140243333332,40.487863100000006,0.3308074673333333
2020-06-08 16:45:00,4136001,33.269952206896555,38.66062527586208,0.2653666793103448
2020-06-08 17:00:00,4136001,32.76734503333332,36.940227333333326,0.2370234883333333
2020-06-08 17:15:00,4136001,32.56407086206897,35.58273634482759,0.1857099906896551
2020-06-08 17:30:00,4136001,32.27888296666667,34.6460289,0.1699652043333333
2020-06-08 17:45:00,4136001,31.91214934482759,33.786106448275845,0.1443323468965517
2020-06-08 18:00:00,4136001,31.7594666,32.757250966666675,0.1046366424666666
2020-06-08 18:15:00,4136001,31.1259359,31.292101066666664,0.0559951432666666
2020-06-08 18:30:00,4136001,30.52477713793104,29.99747965517241,0.0242596506206896
2020-06-08 18:45:00,4136001,30.0615133,29.054799466666665,0.0044044479416666
2020-06-08 19:00:00,4136001,29.65547113793104,28.320246241379312,0.0001018989665517
2020-06-08 19:15:00,4136001,29.30558463333333,27.75169473333333,0.0
2020-06-08 19:30:00,4136001,29.090157517241384,27.33958275862069,0.0
2020-06-08 19:45:00,4136001,28.871324533333336,27.222312466666672,0.0
2020-06-08 20:00:00,4136001,28.650005413793107,27.089618517241377,0.0
2020-06-08 20:15:00,4136001,28.3504803,26.73160810000001,0.0
2020-06-08 20:30:00,4136001,27.97277513793104,26.25415562068965,0.0
2020-06-08 20:45:00,4136001,27.66184373333333,25.776656066666668,0.0
2020-06-08 21:00:00,4136001,27.4776408,25.611955666666667,0.0
2020-06-08 21:15:00,4136001,27.332574206896552,25.489046310344825,0.0
2020-06-08 21:30:00,4136001,27.098923666666668,25.3664722,0.0
2020-06-08 21:45:00,4136001,26.94398513793104,25.33045903448276,0.0
2020-06-08 22:00:00,4136001,26.792292433333337,25.27867296666667,0.0
2020-06-08 22:15:00,4136001,26.628344666666663,25.231978266666665,0.0
2020-06-08 22:30:00,4136001,26.375718655172413,24.8988825862069,0.0
2020-06-08 22:45:00,4136001,26.1349161,24.625021466666663,0.0
2020-06-08 23:00:00,4136001,25.8920394137931,24.41850120689656,0.0
2020-06-08 23:15:00,4136001,25.684399199999994,24.094589333333328,0.0
2020-06-08 23:30:00,4136001,25.54389433333333,24.06281656666667,0.0
2020-06-08 23:45:00,4136001,25.251448,23.65558920689656,0.0
2020-06-09 00:00:00,4136001,25.08985096666667,23.4152731,0.0
2020-06-09 00:15:00,4136001,24.916419517241383,23.182842482758623,0.0
2020-06-09 00:30:00,4136001,24.668885166666666,22.861545800000005,0.0
2020-06-09 00:45:00,4136001,24.471558793103448,22.49364603448276,0.0
2020-06-09 01:00:00,4136001,24.273839433333336,22.1972332,0.0
2020-06-09 01:15:00,4136001,24.257015,22.223686866666664,0.0
2020-06-09 01:30:00,4136001,24.24133093103448,22.27647779310345,0.0
2020-06-09 01:45:00,4136001,24.16173293333333,22.23845016666667,0.0
2020-06-09 02:00:00,4136001,24.05367431034482,22.11227320689656,0.0
2020-06-09 02:15:00,4136001,24.030280766666667,22.13809913333333,0.0
2020-06-09 02:30:00,4136001,23.772527966666665,21.891521300000004,0.0
2020-06-09 02:45:00,4136001,23.60977810344827,21.57529013793104,0.0
2020-06-09 03:00:00,4136001,23.662695533333338,21.656404666666667,0.0
2020-06-09 03:15:00,4136001,23.57151948275862,21.710799551724133,0.0
2020-06-09 03:30:00,4136001,23.445426633333334,21.577228700000006,0.0
2020-06-09 03:45:00,4136001,23.38027648275862,21.517179275862063,0.0
2020-06-09 04:00:00,4136001,23.33068246666667,21.418877233333333,0.0
2020-06-09 04:15:00,4136001,23.129676689655174,21.083283482758624,0.0
2020-06-09 04:30:00,4136001,22.96142263333333,20.66607250000001,0.0
2020-06-09 04:45:00,4136001,22.85722710344828,20.40460524137931,0.0
2020-06-09 05:00:00,4136001,22.7539153,20.316495866666667,0.0
2020-06-09 05:15:00,4136001,22.652897900000006,20.477499233333333,0.0
2020-06-09 05:30:00,4136001,22.737865448275866,20.70989455172414,0.0
2020-06-09 05:45:00,4136001,22.977233833333337,20.898189266666662,0.0007921235759999
2020-06-09 06:00:00,4136001,23.10134286206896,21.1863191724138,0.0111385345448275
2020-06-09 06:15:00,4136001,23.319584166666672,21.658508266666672,0.0311052466
2020-06-09 06:30:00,4136001,23.57032373333333,22.241770433333333,0.0569932276
2020-06-09 06:45:00,4136001,24.037088344827588,23.122031448275862,0.0944432277586207
2020-06-09 07:00:00,4136001,24.688094066666665,26.047689833333337,0.1855330313333333
2020-06-09 07:15:00,4136001,25.66310275862069,30.345590448275868,0.304980821724138
2020-06-09 07:30:00,4136001,26.309327233333327,33.32653273333333,0.3934728033333333
2020-06-09 07:45:00,4136001,26.52304386206897,34.403433931034485,0.4603070396551724
2020-06-09 08:00:00,4136001,26.675620500000004,34.63887826666667,0.3834108376666666
2020-06-09 08:15:00,4136001,26.87966306666667,33.53333140000001,0.4170626293333333
2020-06-09 08:30:00,4136001,27.64948037931034,37.253409551724125,0.5304539527586206
2020-06-09 08:45:00,4136001,28.002729266666663,38.87611719999999,0.5585220813333334
2020-06-09 09:00:00,4136001,28.392504551724134,40.26392420689656,0.65995724
2020-06-09 09:15:00,4136001,28.73394366666667,42.669370366666655,0.681518345
2020-06-09 09:30:00,4136001,28.85085217241379,41.72331493103448,0.6963356251724138
2020-06-09 09:45:00,4136001,29.97841589999999,48.841255533333324,0.7644892783333334
2020-06-09 10:00:00,4136001,29.87426744827585,46.25639937931035,0.7722951262068966
2020-06-09 10:15:00,4136001,30.301633733333336,49.99048963333334,0.8280756470000001
2020-06-09 10:30:00,4136001,31.10254106896551,55.13560751724137,0.8762817527586207
2020-06-09 10:45:00,4136001,31.264162166666665,52.49366256666666,0.8701082106666665
2020-06-09 11:00:00,4136001,31.781721379310344,53.44999120689656,0.795815186896552
2020-06-09 11:15:00,4136001,32.175657133333324,54.891657333333335,0.7947275603333331
2020-06-09 11:30:00,4136001,33.00239186206896,58.08577868965519,0.941355501724138
2020-06-09 11:45:00,4136001,32.501644766666665,50.18232919999999,0.5480442070000002
2020-06-09 12:00:00,4136001,32.48051859999999,48.017826633333335,0.7137815336666666
2020-06-09 12:15:00,4136001,32.74632389655172,49.65918703448276,0.6081792393103447
2020-06-09 12:30:00,4136001,32.671915799999994,46.348622600000006,0.4990866916666665
2020-06-09 12:45:00,4136001,33.75495137931035,53.14650437931035,0.8266699910344828
2020-06-09 13:00:00,4136001,33.71502976666666,55.152543,0.7209952
2020-06-09 13:15:00,4136001,33.20289665517242,46.4867574137931,0.5841201062068965
2020-06-09 13:30:00,4136001,33.793959433333335,50.61013273333334,0.6701499496666666
2020-06-09 13:45:00,4136001,33.49189089655172,48.928019724137926,0.5199972951724137
2020-06-09 14:00:00,4136001,33.63099263333333,47.320751,0.541861241
2020-06-09 14:15:00,4136001,33.932267333333336,46.79574266666666,0.5865618399999997
2020-06-09 14:30:00,4136001,33.66286575862069,44.45120344827586,0.4710798586206896
2020-06-09 14:45:00,4136001,33.21628106666666,41.622585166666674,0.460747443
2020-06-09 15:00:00,4136001,33.44176203448276,41.9188822413793,0.4690195227586206
2020-06-09 15:15:00,4136001,33.6994721,43.42953376666667,0.4232792523333333
2020-06-09 15:30:00,4136001,33.290031586206894,40.94111372413793,0.4030901289655171
2020-06-09 15:45:00,4136001,33.58660966666667,42.744317766666654,0.5008327286666667
2020-06-09 16:00:00,4136001,33.0764027,42.459844,0.435199468
2020-06-09 16:15:00,4136001,33.27681251724139,42.838554482758624,0.4717216579310344
2020-06-09 16:30:00,4136001,33.22364099999999,42.33871990000001,0.4031365280000001
2020-06-09 16:45:00,4136001,32.634283482758605,38.626965655172405,0.2255481
2020-06-09 17:00:00,4136001,32.061292366666656,35.74595430000001,0.1854117523333333
2020-06-09 17:15:00,4136001,31.747895413793103,34.54536172413794,0.1587967972413793
2020-06-09 17:30:00,4136001,31.548145533333336,33.42435616666667,0.1148093877666666
2020-06-09 17:45:00,4136001,31.337953666666667,32.47899783333333,0.0811515678333333
2020-06-09 18:00:00,4136001,30.9759341724138,31.487286827586203,0.0539801748275862
2020-06-09 18:15:00,4136001,30.425907533333326,30.5566122,0.0325861480333333
2020-06-09 18:30:00,4136001,29.78792568965517,29.545744862068968,0.0158776952068965
2020-06-09 18:45:00,4136001,29.3878782,28.818895433333328,0.00309579056
2020-06-09 19:00:00,4136001,29.1135703,28.39846403333333,3.8377585333333325e-05
2020-06-09 19:15:00,4136001,28.7548711724138,27.99284410344828,0.0
2020-06-09 19:30:00,4136001,28.49226686666667,27.5837351,0.0
2020-06-09 19:45:00,4136001,28.32192913793104,27.31227586206897,0.0
2020-06-09 20:00:00,4136001,28.137156099999995,27.1275268,0.0
2020-06-09 20:15:00,4136001,28.020356379310343,27.049498482758622,0.0
2020-06-09 20:30:00,4136001,27.789789733333336,26.98568626666666,0.0
2020-06-09 20:45:00,4136001,27.563402266666664,26.703043566666665,0.0
2020-06-09 21:00:00,4136001,27.385646620689656,26.474708103448272,0.0
2020-06-09 21:15:00,4136001,27.17383313333333,26.231331433333327,0.0
2020-06-09 21:30:00,4136001,26.97954372413793,25.88630293103448,0.0
2020-06-09 21:45:00,4136001,26.803884000000004,25.7223277,0.0
2020-06-09 22:00:00,4136001,26.625941793103447,25.58186593103449,0.0
2020-06-09 22:15:00,4136001,26.53613793333333,25.50844213333333,0.0
2020-06-09 22:30:00,4136001,26.33365179310344,25.235205310344828,0.0
2020-06-09 22:45:00,4136001,26.05942183333333,24.828207433333333,0.0
2020-06-09 23:00:00,4136001,25.9084695862069,24.625861827586206,0.0
2020-06-09 23:15:00,4136001,25.75971583333333,24.364313733333333,0.0
2020-06-09 23:30:00,4136001,25.67693131034483,24.28865624137931,0.0
2020-06-09 23:45:00,4136001,25.5602008,24.195226966666663,0.0
2020-06-10 00:00:00,4136001,25.437387933333333,24.202457666666664,0.0
2020-06-10 00:15:00,4136001,25.21314627586207,23.828036620689648,0.0
2020-06-10 00:30:00,4136001,25.12166253333333,23.604673266666666,0.0
2020-06-10 00:45:00,4136001,25.015255551724145,23.578188206896552,0.0
2020-06-10 01:00:00,4136001,24.99261046666667,23.7386078,0.0
2020-06-10 01:15:00,4136001,24.88058675862069,23.84842855172414,0.0
2020-06-10 01:30:00,4136001,24.761782666666665,23.54663393333333,0.0
2020-06-10 01:45:00,4136001,24.69729396666668,23.41245213333333,0.0
2020-06-10 02:00:00,4136001,24.64039017241379,23.51370562068965,0.0
2020-06-10 02:15:00,4136001,24.6962769,23.87686546666666,0.0
2020-06-10 02:30:00,4136001,24.722768,23.91712036666668,0.0
2020-06-10 02:45:00,4136001,24.6661955862069,23.741481448275863,0.0
2020-06-10 03:00:00,4136001,24.606493333333336,23.76429046666667,0.0
2020-06-10 03:15:00,4136001,24.51722996551724,23.469060862068968,0.0
2020-06-10 03:30:00,4136001,24.5019198,23.426099466666663,0.0
2020-06-10 03:45:00,4136001,24.46938972413793,23.309620896551728,0.0
2020-06-10 04:00:00,4136001,24.47257973333333,23.2219626,0.0
2020-06-10 04:15:00,4136001,24.40010386666667,23.019968633333328,0.0
2020-06-10 04:30:00,4136001,24.379035827586204,22.848119275862068,0.0
2020-06-10 04:45:00,4136001,24.298586166666663,22.698219800000004,0.0
2020-06-10 05:00:00,4136001,24.17085003448276,22.58803796551725,0.0
2020-06-10 05:15:00,4136001,24.174056900000007,22.795588200000005,0.0
2020-06-10 05:30:00,4136001,24.193324866666664,22.905579666666668,0.0
2020-06-10 05:45:00,4136001,24.36266368965517,23.178692965517246,0.0010603241375862
2020-06-10 06:00:00,4136001,24.44031693333333,23.3795156,0.00985059336
2020-06-10 06:15:00,4136001,24.483821517241385,23.581738724137928,0.019141487275862
2020-06-10 06:30:00,4136001,24.65489093333334,24.195461,0.0282602015
2020-06-10 06:45:00,4136001,24.78432903333333,24.78258563333333,0.0481387713999999
2020-06-10 07:00:00,4136001,24.97881231034483,25.66959865517241,0.0670705048965517
2020-06-10 07:15:00,4136001,25.1080181,26.313148933333338,0.0715662028
2020-06-10 07:30:00,4136001,25.295457379310346,27.09805717241379,0.1130817917241379
2020-06-10 07:45:00,4136001,25.51075433333333,28.222063133333336,0.1587628896666666
2020-06-10 08:00:00,4136001,25.9544596,30.214724666666665,0.2368948016666667
2020-06-10 08:15:00,4136001,26.434648172413794,32.84884444827586,0.3426622572413792
2020-06-10 08:30:00,4136001,27.3451212,37.552455533333344,0.523309134
2020-06-10 08:45:00,4136001,27.54667075862069,38.06824462068965,0.4238464179310345
2020-06-10 09:00:00,4136001,27.7801168,36.67724296666666,0.351260774
2020-06-10 09:15:00,4136001,27.6794221724138,34.81999272413793,0.3692132548275861
2020-06-10 09:30:00,4136001,28.454675299999995,39.858438,0.7025942073333333
2020-06-10 09:45:00,4136001,29.13182993333333,43.16924730000001,0.7139898656666664
2020-06-10 10:00:00,4136001,29.35636106896552,42.23618817241379,0.5876122955172411
2020-06-10 10:15:00,4136001,29.507195900000006,41.63273206666666,0.6250153523333332
2020-06-10 10:30:00,4136001,30.09937896551724,44.04637717241379,0.7730966213793103
2020-06-10 10:45:00,4136001,30.5425225862069,46.75796189655173,0.8169313475862068
2020-06-10 11:00:00,4136001,30.95782873333334,51.6436981,0.9207850323333334
2020-06-10 11:15:00,4136001,31.29548653333333,50.5755861,0.7684907340000002
2020-06-10 11:30:00,4136001,31.757299862068965,51.85563372413792,0.7788566541379311
2020-06-10 11:45:00,4136001,31.9201211,48.976285700000005,0.7246776103333333
2020-06-10 12:00:00,4136001,32.280093310344824,53.31676306896552,0.953999098275862
2020-06-10 12:15:00,4136001,32.97215269999999,57.7699776,0.9167926003333334
2020-06-10 12:30:00,4136001,33.43992889655173,58.82968889655173,0.8183672462068967
2020-06-10 12:45:00,4136001,33.301251166666674,53.32308253333333,0.7079482373333333
2020-06-10 13:00:00,4136001,33.039216931034474,45.869951793103446,0.3938052779310344
2020-06-10 13:15:00,4136001,33.3262257,45.95247896666668,0.5044548416666667
2020-06-10 13:30:00,4136001,33.499213600000004,44.502122,0.5222638476666666
2020-06-10 13:45:00,4136001,33.925000448275874,48.607757586206894,0.4816418755172414
2020-06-10 14:00:00,4136001,33.56310123333334,43.02009363333334,0.3840502260000001
2020-06-10 14:15:00,4136001,33.70282286206896,43.953741448275856,0.3961507344827586
2020-06-10 14:30:00,4136001,33.920901400000005,43.073061066666654,0.334423286
2020-06-10 14:45:00,4136001,33.64006713793104,37.95102889655172,0.1738958765517241
2020-06-10 15:00:00,4136001,31.627627600000004,32.33192129999999,0.197848304
2020-06-10 15:15:00,4136001,30.474946034482755,31.81913165517241,0.1941973317241379
2020-06-10 15:30:00,4136001,28.844152000000005,27.80587658620689,0.1557526934482758
2020-06-10 15:45:00,4136001,28.8524355,27.612677428571427,0.1756764994642857
2020-06-10 16:00:00,4136001,28.79231948275861,31.002017413793105,0.2759300524137931
2020-06-10 16:15:00,4136001,30.2339967,35.32667526666666,0.2930965216666666
2020-06-10 16:30:00,4136001,31.04575,36.902448896551725,0.2751795737931034
2020-06-10 16:45:00,4136001,30.481976366666675,34.33522446666666,0.1438109367333333
2020-06-10 17:00:00,4136001,28.871531551724143,30.45449727586207,0.0598915288965517
2020-06-10 17:15:00,4136001,28.474115166666675,28.69688113333333,0.0138440747
2020-06-10 17:30:00,4136001,28.16179045454546,27.141686227272725,0.0098822284181818
2020-06-10 17:45:00,4136001,27.759773862068965,25.464605862068968,0.007683457437931
2020-06-10 18:00:00,4136001,27.594035633333338,25.238632133333333,0.0057233773333333
2020-06-10 18:15:00,4136001,27.48483182758621,25.35644203448276,0.0010758963210344
2020-06-10 18:30:00,4136001,27.020735,24.48984606896552,3.970162241379311e-06
2020-06-10 18:45:00,4136001,26.51906023333333,24.2318676,8.954930733333335e-06
2020-06-10 19:00:00,4136001,25.68034753333333,23.940504966666666,0.0
2020-06-10 19:15:00,4136001,25.42073310344828,23.76359931034483,0.0
2020-06-10 19:30:00,4136001,25.3429769,23.65935363333333,0.0
2020-06-10 19:45:00,4136001,25.587558965517243,23.506497137931035,0.0002567820889655
2020-06-10 20:00:00,4136001,25.62356443333333,23.425383533333328,0.0007306051336666
2020-06-10 20:15:00,4136001,25.66528827586207,24.142730724137937,0.0007796478882758
2020-06-10 20:30:00,4136001,25.578056700000005,24.65686333333333,0.0005540524626666
2020-06-10 20:45:00,4136001,25.580596733333334,24.732138133333336,0.00037619094
2020-06-10 21:00:00,4136001,25.454093103448272,24.63598003448276,6.618351724137934e-06
2020-06-10 21:15:00,4136001,25.4409433,24.756742466666665,5.118148956666666e-05
2020-06-10 21:30:00,4136001,25.329501310344824,24.59076237931034,0.0
2020-06-10 21:45:00,4136001,25.287559033333327,24.543854733333333,0.0
2020-06-10 22:00:00,4136001,25.301776066666665,24.221237133333336,0.0
2020-06-10 22:15:00,4136001,25.103430413793102,23.577908379310344,0.0
2020-06-10 22:30:00,4136001,24.885064466666662,23.447024333333328,0.0
2020-06-10 22:45:00,4136001,24.87121975862069,23.496775827586205,0.0
2020-06-10 23:00:00,4136001,24.796322600000003,23.435265966666663,0.0
2020-06-10 23:15:00,4136001,24.7657957,23.433153999999995,0.0
2020-06-10 23:30:00,4136001,24.622883793103444,23.429897724137927,0.0
2020-06-10 23:45:00,4136001,24.52480276666667,23.3595063,0.0
2020-06-11 00:00:00,4136001,24.52855189655173,23.398515344827583,0.0
2020-06-11 00:15:00,4136001,24.602478866666665,23.42233426666667,0.0
2020-06-11 00:30:00,4136001,24.6522731724138,23.67843110344828,0.0
2020-06-11 00:45:00,4136001,24.744776200000008,24.167458166666663,0.0
2020-06-11 01:00:00,4136001,24.655353833333333,23.66065673333333,0.0
2020-06-11 01:15:00,4136001,24.631611620689657,23.33763493103448,0.0
2020-06-11 01:30:00,4136001,24.663321966666665,23.41626396666667,0.0
2020-06-11 01:45:00,4136001,24.628002068965515,23.91842972413793,0.0
2020-06-11 02:00:00,4136001,24.583562166666667,23.807694466666668,0.0
2020-06-11 02:15:00,4136001,24.18870453333333,23.353352000000005,0.0
2020-06-11 02:30:00,4136001,23.99366620689655,23.231899,0.0
2020-06-11 02:45:00,4136001,24.11983143333333,23.2196046,0.0001151645777666
2020-06-11 03:00:00,4136001,24.193308896551724,23.11700665517241,0.0001363457634482
2020-06-11 03:15:00,4136001,24.191336966666668,23.09600013333333,3.327031936666668e-05
2020-06-11 03:30:00,4136001,24.184912066666666,23.526898266666667,2.559282e-05
2020-06-11 03:45:00,4136001,24.228536862068967,23.631382448275865,3.971314896551726e-06
2020-06-11 04:00:00,4136001,24.204156500000003,23.579078366666664,0.0
2020-06-11 04:15:00,4136001,24.2147461724138,23.664883172413795,0.0
2020-06-11 04:30:00,4136001,24.2575073,23.715879533333336,0.0
2020-06-11 04:45:00,4136001,24.256150931034483,23.536827379310346,0.0
2020-06-11 05:00:00,4136001,24.2076104,23.14459433333334,0.0
2020-06-11 05:15:00,4136001,24.26688568965517,23.236197655172408,0.0
2020-06-11 05:30:00,4136001,24.262456366666665,23.634011800000007,0.0
2020-06-11 05:45:00,4136001,24.228851566666663,23.681645666666665,0.0002546431066666
2020-06-11 06:00:00,4136001,24.26536520689656,23.726225896551725,0.0042637027482758
2020-06-11 06:15:00,4136001,24.30399276666666,23.941916866666663,0.0098950991166666
2020-06-11 06:30:00,4136001,24.28631917241379,24.10950765517241,0.0146363091896551
2020-06-11 06:45:00,4136001,24.22797863333333,23.9388551,0.0224950799666666
2020-06-11 07:00:00,4136001,24.14798303448276,23.50303603448276,0.0590051749310344
2020-06-11 07:15:00,4136001,24.44488326666666,24.803459733333337,0.1020111090333333
2020-06-11 07:30:00,4136001,24.71686213793104,26.608197379310347,0.0989866136551724
2020-06-11 07:45:00,4136001,24.634990400000003,25.5272257,0.0667724374666666
2020-06-11 08:00:00,4136001,24.439050466666664,24.529686466666664,0.0651904124
2020-06-11 08:15:00,4136001,24.048603103448272,24.303316379310345,0.1120032948965517
2020-06-11 08:30:00,4136001,24.360200137931034,25.258221862068964,0.1442327949999999
2020-06-11 08:45:00,4136001,24.851787299999994,28.614925066666665,0.2382026306666666
2020-06-11 09:00:00,4136001,25.6061401,31.9640666,0.3654319533333332
2020-06-11 09:15:00,4136001,26.06486455172413,33.41386689655172,0.3184037789655173
2020-06-11 09:30:00,4136001,25.91287766666668,30.661452200000003,0.1821246916666667
2020-06-11 09:45:00,4136001,26.013701448275867,30.348066620689654,0.2250663879310345
2020-06-11 10:00:00,4136001,26.5930917,32.13797826666667,0.2858397853333333
2020-06-11 10:15:00,4136001,27.00422489655173,33.281718068965525,0.3116224317241379
2020-06-11 10:30:00,4136001,27.255816700000004,33.88129156666666,0.3308099630000001
2020-06-11 10:45:00,4136001,27.62432748275862,35.501297551724136,0.3713926027586207
2020-06-11 11:00:00,4136001,27.698689666666667,35.23270673333334,0.3794716983333333
2020-06-11 11:15:00,4136001,27.8630768,36.30496026666668,0.4417517606666668
2020-06-11 11:30:00,4136001,28.498860379310344,38.471322,0.4621243431034483
2020-06-11 11:45:00,4136001,28.7643748,39.30720423333333,0.5839224203333333
2020-06-11 12:00:00,4136001,29.731161000000004,45.40481068965519,0.6205650234482758
2020-06-11 12:15:00,4136001,29.42076553571429,42.382584821428566,0.3881666475
2020-06-11 12:30:00,4136001,28.7703256,35.47568646666666,0.3071335886666666
2020-06-11 12:45:00,4136001,29.112240413793103,36.74222948275862,0.3871848155172413
2020-06-11 13:00:00,4136001,29.05096543333333,35.634093166666666,0.322284215
2020-06-11 13:15:00,4136001,29.485296827586204,36.078475517241365,0.3063866934482759
2020-06-11 13:30:00,4136001,29.618877933333334,36.03466590000001,0.3484061356666666
2020-06-11 13:45:00,4136001,29.861181724137936,37.1695493448276,0.4410198099999999
2020-06-11 14:00:00,4136001,29.92468686666665,37.945422266666654,0.3551979003333333
2020-06-11 14:15:00,4136001,27.71221082758621,34.44660265517241,0.3321471462068965
2020-06-11 14:30:00,4136001,27.96685683333333,34.11939593333334,0.2199277286666666
2020-06-11 14:45:00,4136001,28.226240379310344,32.649263620689645,0.1599183410344828
2020-06-11 15:00:00,4136001,28.87674766666667,33.52219136666666,0.2447895886666667
2020-06-11 15:15:00,4136001,29.08339506896552,35.22164613793103,0.3615275644827586
2020-06-11 15:30:00,4136001,27.1182657,31.176984633333337,0.2182710936666667
2020-06-11 15:45:00,4136001,26.06172972413793,30.178076413793104,0.2699164865517241
2020-06-11 16:00:00,4136001,26.01609606666667,29.613266966666668,0.1847001159999999
2020-06-11 16:15:00,4136001,25.88879503448276,28.060255413793104,0.1109246423448275
2020-06-11 16:30:00,4136001,25.363669599999994,25.50034883333333,0.106418664
2020-06-11 16:45:00,4136001,25.617999166666667,25.562178666666664,0.068217775
2020-06-11 17:00:00,4136001,26.015373551724128,26.399087862068967,0.076213266275862
2020-06-11 17:15:00,4136001,26.459341366666663,27.310375,0.0611145239
2020-06-11 17:30:00,4136001,26.65583220689655,27.505229931034485,0.0584995239655172
2020-06-11 17:45:00,4136001,26.73281353333333,26.82401533333333,0.0535718095333333
2020-06-11 18:00:00,4136001,26.72596343333333,26.888934466666665,0.0469554367666666
2020-06-11 18:15:00,4136001,26.49930441379311,26.40681503448276,0.0229097102413793
2020-06-11 18:30:00,4136001,26.28690993333333,25.899502400000006,0.0081508001466666
2020-06-11 18:45:00,4136001,26.10765227586207,25.58488510344828,0.0012175895017241
2020-06-11 19:00:00,4136001,26.0361074,25.25511666666668,0.0
2020-06-11 19:15:00,4136001,25.8624267,25.206319099999995,0.0
2020-06-11 19:30:00,4136001,24.9431804137931,24.608417379310342,0.0
2020-06-11 19:45:00,4136001,24.247928966666663,22.8602712,0.0
2020-06-11 20:00:00,4136001,23.92968324137931,22.196393344827584,0.0
2020-06-11 20:15:00,4136001,23.84047006666667,22.104235700000007,0.0
2020-06-11 20:30:00,4136001,23.795964517241377,22.03030396551724,0.0
2020-06-11 20:45:00,4136001,23.400524000000004,21.926543333333328,0.0
2020-06-11 21:00:00,4136001,23.184910333333328,21.805719033333336,0.0
2020-06-11 21:15:00,4136001,23.137103344827583,21.75369079310345,0.0
2020-06-11 21:30:00,4136001,23.2143099,21.7712443,0.0
2020-06-11 21:45:00,4136001,23.091332586206903,21.701135,0.0
2020-06-11 22:00:00,4136001,23.106439166666664,21.6895355,0.0
2020-06-11 22:15:00,4136001,23.108354766666668,21.676100666666663,0.0
2020-06-11 22:30:00,4136001,23.167986137931035,21.72244668965517,0.0
2020-06-11 22:45:00,4136001,23.0900807,21.662187733333333,0.0
2020-06-11 23:00:00,4136001,23.0771108,21.622833199999995,0.0
2020-06-11 23:15:00,4136001,23.06249358620689,21.668886448275863,0.0
2020-06-11 23:30:00,4136001,22.998343899999995,21.65067433333333,0.0
2020-06-11 23:45:00,4136001,23.00536055172413,21.64281696551724,0.0
2020-06-12 00:00:00,4136001,23.096333766666664,21.81936953333334,0.0
2020-06-12 00:15:00,4136001,23.07342593103449,21.868107310344826,0.0
2020-06-12 00:30:00,4136001,23.198418433333337,21.921284133333334,0.0
2020-06-12 00:45:00,4136001,23.259188033333327,21.7901601,0.0
2020-06-12 01:00:00,4136001,23.26828003448276,22.156882620689657,0.0
2020-06-12 01:15:00,4136001,23.03963933333333,22.2565656,0.0
2020-06-12 01:30:00,4136001,22.93840913793104,22.340520448275857,0.0
2020-06-12 01:45:00,4136001,22.8403045,22.311083166666663,0.0
2020-06-12 02:00:00,4136001,22.75244333333333,22.36223953333333,0.0
2020-06-12 02:15:00,4136001,22.652374,22.18530289655172,0.0
2020-06-12 02:30:00,4136001,22.610987366666663,22.14618743333333,0.0
2020-06-12 02:45:00,4136001,22.557934620689657,21.900003448275864,0.0
2020-06-12 03:00:00,4136001,22.6381885,21.888890600000003,0.0
2020-06-12 03:15:00,4136001,22.8364796,22.47486883333333,7.678095999999998e-06
2020-06-12 03:30:00,4136001,22.870540068965514,22.632726241379306,0.0
2020-06-12 03:45:00,4136001,22.97101426666667,22.699416133333333,0.0
2020-06-12 04:00:00,4136001,23.079390758620686,22.813601965517243,0.0
2020-06-12 04:15:00,4136001,23.20513930000001,22.95454596666666,0.0
2020-06-12 04:30:00,4136001,23.228767833333336,23.02070903333334,0.0
2020-06-12 04:45:00,4136001,23.179444862068973,23.012233275862062,0.0
2020-06-12 05:00:00,4136001,23.2061069,22.8791188,0.0
2020-06-12 05:15:00,4136001,23.23781186206897,22.71333889655173,0.0
2020-06-12 05:30:00,4136001,23.213350633333327,22.55468443333333,1.2796612e-06
2020-06-12 05:45:00,4136001,23.308441233333337,22.930191999999995,0.0007294055549666
2020-06-12 06:00:00,4136001,23.32624131034484,23.077431448275856,0.0042056504241379
2020-06-12 06:15:00,4136001,23.362587600000005,23.246462933333326,0.01449843685
2020-06-12 06:30:00,4136001,23.470018275862063,23.604529000000003,0.0334927551724137
2020-06-12 06:45:00,4136001,23.641302533333327,24.350484133333328,0.0671627485333333
2020-06-12 07:00:00,4136001,23.84684933333333,25.189636166666663,0.0903843469999999
2020-06-12 07:15:00,4136001,24.097485965517244,26.135771551724137,0.1164797561724138
2020-06-12 07:30:00,4136001,24.3609651,27.16758313333333,0.1372689796666666
2020-06-12 07:45:00,4136001,24.55453065517242,27.705915724137927,0.1758698168965517
2020-06-12 08:00:00,4136001,24.89767446666667,28.73435063333333,0.1600963385
2020-06-12 08:15:00,4136001,25.01737920689655,28.646566448275856,0.1578865952068965
2020-06-12 08:30:00,4136001,25.175836200000003,29.600538133333337,0.1990606736666666
2020-06-12 08:45:00,4136001,25.023628,28.13070258620689,0.1142524157931034
2020-06-12 09:00:00,4136001,25.58673096666667,30.660331433333333,0.302462571
2020-06-12 09:15:00,4136001,25.9005231,31.52512816666666,0.2399335173333333
2020-06-12 09:30:00,4136001,26.35951931034481,34.320217758620686,0.4119583196551724
2020-06-12 09:45:00,4136001,26.720213833333336,34.9373119,0.2954317716666666
2020-06-12 10:00:00,4136001,26.48955672413793,32.30903151724138,0.2300879279310344
2020-06-12 10:15:00,4136001,26.2019552,30.3946726,0.160934984
2020-06-12 10:30:00,4136001,26.23958182758621,29.84086337931035,0.1544609948275861
2020-06-12 10:45:00,4136001,26.212235466666662,29.820671633333337,0.1954025728666666
2020-06-12 11:00:00,4136001,26.93907844827586,33.2047645862069,0.3730939703448276
2020-06-12 11:15:00,4136001,27.978457700000007,38.802913200000006,0.5259339126666668
2020-06-12 11:30:00,4136001,26.55285862068965,35.65671510344827,0.4696381220689654
2020-06-12 11:45:00,4136001,24.5112182,29.3274028,0.3676135404666666
2020-06-12 12:00:00,4136001,23.428060655172416,27.380415310344823,0.3948018151724138
2020-06-12 12:15:00,4136001,23.30078733333333,26.9148752,0.3823716986666667
2020-06-12 12:30:00,4136001,24.71515,31.10258551724138,0.3824357034482758
2020-06-12 12:45:00,4136001,25.759937466666667,35.285202166666664,0.5171967406666664
2020-06-12 13:00:00,4136001,26.256600899999995,39.8784078,0.4912427266666668
2020-06-12 13:15:00,4136001,25.594030931034485,34.252540413793106,0.4367032972413793
2020-06-12 13:30:00,4136001,26.233689366666667,37.80731616666668,0.537373153
2020-06-12 13:45:00,4136001,26.18573413793104,35.571158620689644,0.3653654527586207
2020-06-12 14:00:00,4136001,26.5335296,35.9721252,0.4868788256666666
2020-06-12 14:15:00,4136001,27.018877724137926,37.32093027586206,0.4183158365517241
2020-06-12 14:30:00,4136001,26.867152866666668,34.35756966666667,0.325917801
2020-06-12 14:45:00,4136001,26.67574443333333,33.7304332,0.329804623
2020-06-12 15:00:00,4136001,26.96615486206897,35.406001482758626,0.4389835762068964
2020-06-12 15:15:00,4136001,27.368944333333328,36.35862943333333,0.3928341253333332
2020-06-12 15:30:00,4136001,27.94132427586208,37.08138175862069,0.42733382
2020-06-12 15:45:00,4136001,27.89696146666667,35.5313305,0.3425049133333333
2020-06-12 16:00:00,4136001,27.961402655172414,34.75383044827586,0.2889376348275862
2020-06-12 16:15:00,4136001,27.8158599,32.435735233333325,0.1577513288333333
2020-06-12 16:30:00,4136001,27.54728376666668,30.637098166666664,0.1567048989999999
2020-06-12 16:45:00,4136001,27.76650455172414,31.49694606896552,0.185021294137931
2020-06-12 17:00:00,4136001,27.714652300000004,31.382141166666667,0.165160775
2020-06-12 17:15:00,4136001,27.653207551724137,31.374698,0.1674244803448276
2020-06-12 17:30:00,4136001,27.43312286666666,30.22540276666667,0.1150523565
2020-06-12 17:45:00,4136001,27.063544931034485,28.678094344827585,0.0685438064137931
2020-06-12 18:00:00,4136001,26.4373973,27.4619964,0.0457077810666666
2020-06-12 18:15:00,4136001,25.75769143333333,26.8622061,0.0607748456
2020-06-12 18:30:00,4136001,25.43092389655172,25.734652827586206,0.0212704814827586
2020-06-12 18:45:00,4136001,24.82610973333334,24.3313711,0.002202877719
2020-06-12 19:00:00,4136001,24.49466051724137,23.72833675862069,0.0
2020-06-12 19:15:00,4136001,24.276333733333328,23.257940766666668,0.0
2020-06-12 19:30:00,4136001,24.1361651724138,23.004158689655167,0.0
2020-06-12 19:45:00,4136001,23.968401166666663,22.7500885,0.0
2020-06-12 20:00:00,4136001,23.79291786206896,22.52788889655172,0.0
2020-06-12 20:15:00,4136001,23.74951343333333,22.500599066666663,0.0
2020-06-12 20:30:00,4136001,23.816572966666666,22.51007393333333,0.0
2020-06-12 20:45:00,4136001,23.961166,22.79937524137931,0.0
2020-06-12 21:00:00,4136001,23.154267333333337,22.475289933333336,0.0
2020-06-12 21:15:00,4136001,22.76536689655172,21.947880275862072,0.0
2020-06-12 21:30:00,4136001,23.17677313333333,21.9652741,0.0
2020-06-12 21:45:00,4136001,23.242798758620687,22.311946655172413,0.0
2020-06-12 22:00:00,4136001,23.19935533333333,22.182686466666663,0.0
2020-06-12 22:15:00,4136001,23.134124068965523,22.07130058620689,0.0
2020-06-12 22:30:00,4136001,23.131442766666662,22.122366466666666,0.0
2020-06-12 22:45:00,4136001,23.006417,22.191467379310343,0.0
2020-06-12 23:00:00,4136001,22.8288644,22.17601516666667,0.0
2020-06-12 23:15:00,4136001,22.808352633333328,22.152892166666668,0.0
2020-06-12 23:30:00,4136001,22.98652075862069,22.442028275862068,0.0
2020-06-12 23:45:00,4136001,23.099230266666662,22.757666,0.0
2020-06-13 00:00:00,4136001,23.184429793103448,22.943784551724136,0.0
2020-06-13 00:15:00,4136001,23.150216233333328,22.906561333333336,0.0
2020-06-13 00:30:00,4136001,23.11269223333333,22.756977566666663,0.0
2020-06-13 00:45:00,4136001,23.08237410344828,22.74549496551724,0.0
2020-06-13 01:00:00,4136001,23.00601510000001,22.40501096666667,0.0
2020-06-13 01:15:00,4136001,22.890840482758623,22.01397820689656,0.0
2020-06-13 01:30:00,4136001,22.8207133,21.930839200000005,0.0
2020-06-13 01:45:00,4136001,22.72088706896552,21.77449182758621,0.0
2020-06-13 02:00:00,4136001,22.5558715,21.47388816666667,0.0
2020-06-13 02:15:00,4136001,22.479495266666667,21.197295066666666,0.0
2020-06-13 02:30:00,4136001,22.3614405862069,21.013108,0.0
2020-06-13 02:45:00,4136001,22.19928706896552,20.87596913793103,0.0
2020-06-13 03:00:00,4136001,22.245439433333328,21.0944417,0.0
2020-06-13 03:15:00,4136001,22.36969820689655,21.382351482758622,0.0
2020-06-13 03:30:00,4136001,22.4259338,21.50950313333333,0.0
2020-06-13 03:45:00,4136001,22.485639500000005,21.632194,0.0
2020-06-13 04:00:00,4136001,22.450481344827583,21.66662706896552,0.0
2020-06-13 04:15:00,4136001,22.44443163333333,21.60771493333333,0.0
2020-06-13 04:30:00,4136001,22.41131893103449,21.86795362068966,0.0
2020-06-13 04:45:00,4136001,22.3611438,21.832094433333328,0.0
2020-06-13 05:00:00,4136001,22.523588103448283,22.240750310344826,0.0
2020-06-13 05:15:00,4136001,22.467644166666663,22.266552033333333,0.0
2020-06-13 05:30:00,4136001,22.4155183,21.997017466666662,0.0
2020-06-13 05:45:00,4136001,22.57172051724138,22.091257103448275,0.0004951048193103
2020-06-13 06:00:00,4136001,22.76630743333333,22.51000266666666,0.0047783350833333
2020-06-13 06:15:00,4136001,22.787001,22.631227827586205,0.0294931157931034
2020-06-13 06:30:00,4136001,22.937554866666662,23.225595166666665,0.0522247736
2020-06-13 06:45:00,4136001,23.255329103448275,24.10833210344828,0.0817221908965517
2020-06-13 07:00:00,4136001,23.702573666666662,25.604902100000004,0.1453918824999999
2020-06-13 07:15:00,4136001,23.963179,26.806506931034484,0.1300059603793103
2020-06-13 07:30:00,4136001,24.236652733333333,28.469315533333333,0.253675025
2020-06-13 07:45:00,4136001,24.56308513793104,29.49788910344828,0.2067145637931034
2020-06-13 08:00:00,4136001,24.8466969,30.34787493333333,0.2621186786666666
2020-06-13 08:15:00,4136001,25.2793741,32.2735037,0.3103957249999999
2020-06-13 08:30:00,4136001,25.41420231034483,32.084453827586216,0.2426449144827586
2020-06-13 08:45:00,4136001,25.86150303333333,34.150635733333324,0.397700346
2020-06-13 09:00:00,4136001,26.33435162068965,36.220191655172414,0.4468312662068966
2020-06-13 09:15:00,4136001,26.021283066666665,34.39281413333335,0.2425745116666666
2020-06-13 09:30:00,4136001,26.22057579310345,34.61468486206896,0.4341903689655172
2020-06-13 09:45:00,4136001,27.204436200000004,40.3800657,0.6071182516666666
2020-06-13 10:00:00,4136001,28.234621275862068,47.18160382758621,0.6132955162068963
2020-06-13 10:15:00,4136001,27.541681866666664,38.509893733333335,0.4145163073333333
2020-06-13 10:30:00,4136001,28.801169482758617,47.45520072413794,0.7940656137931034
2020-06-13 10:45:00,4136001,28.721466066666665,45.33758843333334,0.503414697
2020-06-13 11:00:00,4136001,28.386927241379315,43.36369134482759,0.739425887586207
2020-06-13 11:15:00,4136001,29.51178283333333,45.455444333333325,0.6750354446666667
2020-06-13 11:30:00,4136001,29.634007931034475,42.70479703448276,0.5872391644827587
2020-06-13 11:45:00,4136001,30.131878566666668,43.11532823333332,0.6300300593333332
2020-06-13 12:00:00,4136001,31.011079034482755,46.75919627586208,0.7281766237931034
2020-06-13 12:15:00,4136001,31.3466552,48.538155133333326,0.9020301976666668
2020-06-13 12:30:00,4136001,31.878953586206897,51.00864596551724,0.927123663103448
2020-06-13 12:45:00,4136001,31.8059285,48.26185130000001,0.6086226563333333
2020-06-13 13:00:00,4136001,31.57231820689656,45.87381920689655,0.7856176037931033
2020-06-13 13:15:00,4136001,31.76270343333333,46.6904521,0.6571986693333333
2020-06-13 13:30:00,4136001,31.910202517241387,47.1551795862069,0.7514176462068966
2020-06-13 13:45:00,4136001,30.5955841,39.9424855,0.2910304896666667
2020-06-13 14:00:00,4136001,29.455466666666663,38.4217205,0.6234992839999997
2020-06-13 14:15:00,4136001,29.423552413793104,37.7063293448276,0.43658024
2020-06-13 14:30:00,4136001,30.29002973333333,44.31017856666666,0.7933978416666667
2020-06-13 14:45:00,4136001,30.83672779310345,43.494223724137925,0.3886319782758621
2020-06-13 15:00:00,4136001,30.516839533333336,39.930492,0.4327335193333332
2020-06-13 15:15:00,4136001,30.912600620689663,40.987721448275856,0.5063876589655171
2020-06-13 15:30:00,4136001,31.013409533333327,42.527682566666655,0.4959789229999999
2020-06-13 15:45:00,4136001,30.763786689655173,39.48935248275863,0.4535888472413792
2020-06-13 16:00:00,4136001,30.643006366666665,38.751304966666666,0.2837699573333333
2020-06-13 16:15:00,4136001,30.497337655172416,36.904718896551714,0.3810035668965517
2020-06-13 16:30:00,4136001,30.523774166666666,36.9320934,0.2707068873333333
2020-06-13 16:45:00,4136001,30.178978566666668,34.8094543,0.2919719574
2020-06-13 17:00:00,4136001,30.02002482758621,35.64223806896552,0.3049379434482758
2020-06-13 17:15:00,4136001,29.355659,33.714150966666665,0.1898316065
2020-06-13 17:30:00,4136001,28.722076448275857,31.33327931034482,0.1358335086896552
2020-06-13 17:45:00,4136001,28.22930816666667,29.8575644,0.0903164092333333
2020-06-13 18:00:00,4136001,28.09258296551724,29.48600731034482,0.0846159424137931
2020-06-13 18:15:00,4136001,27.56023966666667,28.012757400000005,0.0482598143666666
2020-06-13 18:30:00,4136001,26.95020889655172,26.744106931034487,0.0196069763620689
2020-06-13 18:45:00,4136001,26.38305143333333,25.734800066666665,0.0022054319846666
2020-06-13 19:00:00,4136001,26.102270724137927,25.34622289655173,0.0
2020-06-13 19:15:00,4136001,25.9680014,25.22874343333333,0.0
2020-06-13 19:30:00,4136001,25.766978,24.8300049,0.0
2020-06-13 19:45:00,4136001,25.689107758620697,24.81120572413793,0.0
2020-06-13 20:00:00,4136001,25.728445333333333,25.2848774,0.0
2020-06-13 20:15:00,4136001,24.964022862068965,24.19147475862069,0.0
2020-06-13 20:30:00,4136001,24.1302543,23.396651266666662,0.0
2020-06-13 20:45:00,4136001,24.408619233333333,22.987135666666664,0.0
2020-06-13 21:00:00,4136001,24.628064379310345,22.85595717241379,0.0
2020-06-13 21:15:00,4136001,24.769791533333333,23.19620366666667,0.0
2020-06-13 21:30:00,4136001,24.742705965517235,23.634016379310346,0.0
2020-06-13 21:45:00,4136001,24.633418833333334,23.54427586666667,0.0
2020-06-13 22:00:00,4136001,24.702783033333336,23.61048796666666,0.0
2020-06-13 22:15:00,4136001,24.616666586206897,23.65589327586207,0.0
2020-06-13 22:30:00,4136001,24.5029664,23.412854133333333,0.0
2020-06-13 22:45:00,4136001,24.393407482758622,23.194318172413794,0.0
2020-06-13 23:00:00,4136001,24.2540863,22.898698833333327,0.0
2020-06-13 23:15:00,4136001,24.0774854,22.555913166666663,0.0
2020-06-13 23:30:00,4136001,23.966242310344825,22.41555251724138,0.0
2020-06-13 23:45:00,4136001,23.834090966666675,22.169777566666667,0.0
2020-06-14 00:00:00,4136001,23.775725931034483,22.11771368965517,0.0
2020-06-14 00:15:00,4136001,23.7299946,22.241563133333333,0.0
2020-06-14 00:30:00,4136001,23.6519716,22.2784547,0.0
2020-06-14 00:45:00,4136001,23.77284196551724,22.823528482758626,7.810113413793104e-05
2020-06-14 01:00:00,4136001,24.1066073,23.5477671,0.0001062090888666
2020-06-14 01:15:00,4136001,24.12137689655172,23.53657382758621,0.0
2020-06-14 01:30:00,4136001,24.116438966666667,23.0164214,0.0
2020-06-14 01:45:00,4136001,24.41260276666668,23.533722033333333,0.0
2020-06-14 02:00:00,4136001,24.50337486206896,23.667025862068968,0.0
2020-06-14 02:15:00,4136001,24.208179866666665,23.21623126666667,0.0
2020-06-14 02:30:00,4136001,24.03689703448276,22.987598344827592,0.0
2020-06-14 02:45:00,4136001,23.97870283333333,22.8038574,0.0
2020-06-14 03:00:00,4136001,24.195368310344826,23.62546093103448,1.3237111379310342e-06
2020-06-14 03:15:00,4136001,24.0475444,23.161643566666665,0.0
2020-06-14 03:30:00,4136001,23.953640766666663,23.002978366666667,0.0
2020-06-14 03:45:00,4136001,23.967751310344827,22.83365613793104,0.0
2020-06-14 04:00:00,4136001,24.02683333333333,22.792974966666662,0.0
2020-06-14 04:15:00,4136001,24.118332551724134,23.167076379310352,0.0
2020-06-14 04:30:00,4136001,24.161245966666662,23.494035,0.0
2020-06-14 04:45:00,4136001,24.015047433333333,23.30908413333333,0.0
2020-06-14 05:00:00,4136001,23.96164786206897,23.443989827586204,0.0
2020-06-14 05:15:00,4136001,23.917826,23.409377100000004,0.0
2020-06-14 05:30:00,4136001,24.09543165517241,23.63225903448276,0.0
2020-06-14 05:45:00,4136001,24.128701766666666,23.486613,0.0009635307772
2020-06-14 06:00:00,4136001,24.222949862068965,23.77290606896552,0.0127208571724137
2020-06-14 06:15:00,4136001,24.349084633333334,24.026523833333336,0.0344617859666666
2020-06-14 06:30:00,4136001,24.570349310344827,24.79671503448276,0.0679793497931034
2020-06-14 06:45:00,4136001,24.901077066666662,26.4780029,0.1124631353999999
2020-06-14 07:00:00,4136001,25.54066827586208,28.2249555862069,0.1760263989655172
2020-06-14 07:15:00,4136001,25.920732666666662,30.01071866666667,0.230661987
2020-06-14 07:30:00,4136001,26.400092827586203,32.388297413793104,0.2933428420689654
2020-06-14 07:45:00,4136001,26.507665,32.670761166666665,0.374707374
2020-06-14 08:00:00,4136001,27.246093724137925,35.330571758620685,0.3206890286206896
2020-06-14 08:15:00,4136001,26.843411166666662,32.82237119999999,0.252571925
2020-06-14 08:30:00,4136001,27.329228,34.37789599999999,0.4067320644444445
2020-06-14 08:45:00,4136001,27.568192566666667,35.298638999999994,0.3368159026666667
2020-06-14 09:00:00,4136001,28.24413975862069,39.94139131034482,0.6121185824137931
2020-06-14 09:15:00,4136001,28.443925033333336,39.155357066666646,0.464049278
2020-06-14 09:30:00,4136001,28.6242611724138,39.78399541379312,0.437681084137931
2020-06-14 09:45:00,4136001,28.734169533333336,38.275773,0.3940888086666666
2020-06-14 10:00:00,4136001,28.86396534482758,38.06350293103447,0.4686161110344827
2020-06-14 10:15:00,4136001,30.014205866666664,44.896558733333336,0.7643584866666667
2020-06-14 10:30:00,4136001,30.63661986206896,48.25690844827587,0.8473476258620689
2020-06-14 10:45:00,4136001,30.432905033333327,43.14604706666668,0.5323032116666666
2020-06-14 11:00:00,4136001,31.127603482758623,47.85183613793103,0.7720220348275862
2020-06-14 11:15:00,4136001,31.79656173333333,50.92126149999999,0.782660194
2020-06-14 11:30:00,4136001,31.37812434482759,47.14193506896552,0.754396708275862
2020-06-14 11:45:00,4136001,31.610847068965523,46.602203379310346,0.5332220434482758
2020-06-14 12:00:00,4136001,30.9920359,42.586829733333325,0.5855762653333334
2020-06-14 12:15:00,4136001,32.03907856666667,49.36540720000001,0.8787766163333333
2020-06-14 12:30:00,4136001,31.55893686206896,48.93490413793104,0.9213555827586208
2020-06-14 12:45:00,4136001,32.10389506666667,52.80110570000001,0.8849503783333332
2020-06-14 13:00:00,4136001,32.30668179310345,52.9857893448276,0.9029522003448276
2020-06-14 13:15:00,4136001,32.70611060000002,52.174472133333325,0.8873814986666667
2020-06-14 13:30:00,4136001,32.6373982413793,50.712911689655165,0.8256354096551723
2020-06-14 13:45:00,4136001,32.64825039999999,50.362212133333344,0.757183638
2020-06-14 14:00:00,4136001,32.95608731034483,48.68971824137931,0.7570201910344828
2020-06-14 14:15:00,4136001,32.494083633333325,44.67058416666666,0.453138228
2020-06-14 14:30:00,4136001,31.499514862068967,38.70719641379311,0.3450704103448276
2020-06-14 14:45:00,4136001,32.334951633333326,44.24039810000001,0.6560674536666667
2020-06-14 15:00:00,4136001,31.692615310344824,42.727485172413786,0.3693632165517241
2020-06-14 15:15:00,4136001,30.196788566666665,35.68807996666667,0.1843229213333333
2020-06-14 15:30:00,4136001,30.65995310344828,35.306102896551714,0.4304188627586207
2020-06-14 15:45:00,4136001,31.989416533333337,43.63690883333333,0.5305140446666666
2020-06-14 16:00:00,4136001,31.394239862068964,39.10474593103448,0.3272701637931034
2020-06-14 16:15:00,4136001,30.74876806666666,36.071380600000005,0.2067178053333333
2020-06-14 16:30:00,4136001,30.88903913793104,36.300511931034485,0.3138297106896551
2020-06-14 16:45:00,4136001,29.79161579999999,35.120568933333324,0.1753590813333333
2020-06-14 17:00:00,4136001,27.71768493333333,31.93408716666667,0.1725242038
2020-06-14 17:15:00,4136001,26.89951513793104,30.41965662068965,0.1436007848965517
2020-06-14 17:30:00,4136001,26.523709166666663,29.40315043333333,0.1087214031999999
2020-06-14 17:45:00,4136001,26.32929734482758,28.677474517241382,0.1048194387241379
2020-06-14 18:00:00,4136001,26.29677636666667,28.153064,0.0686907110666666
2020-06-14 18:15:00,4136001,26.174056413793103,27.16848427586207,0.0407503786551724
2020-06-14 18:30:00,4136001,26.235976966666662,26.387166466666667,0.01679531105
2020-06-14 18:45:00,4136001,26.37077713793104,26.324486310344827,0.0016383259080689
2020-06-14 19:00:00,4136001,26.391504066666663,26.25866303333333,0.0
2020-06-14 19:15:00,4136001,26.318566620689648,25.850328,0.0
2020-06-14 19:30:00,4136001,26.152496199999995,25.51716816666667,0.0
2020-06-14 19:45:00,4136001,26.056760766666667,25.324434333333336,0.0
2020-06-14 20:00:00,4136001,26.086180827586208,25.719854862068964,0.0
2020-06-14 20:15:00,4136001,26.057802466666672,25.8777026,0.0
2020-06-14 20:30:00,4136001,25.53856065517241,25.540892517241385,0.0
2020-06-14 20:45:00,4136001,24.681337433333336,24.358361833333337,0.0
2020-06-14 21:00:00,4136001,24.35666331034483,23.760432896551723,0.0
2020-06-14 21:15:00,4136001,24.30556033333333,23.6487916,0.0
2020-06-14 21:30:00,4136001,24.492610689655173,23.47576606896552,0.0
2020-06-14 21:45:00,4136001,24.1292797,22.79287313333333,0.0
2020-06-14 22:00:00,4136001,24.05143143333333,22.55852976666668,0.0
2020-06-14 22:15:00,4136001,24.156552827586204,22.76215020689655,0.0
2020-06-14 22:30:00,4136001,24.13806056666668,22.858555600000003,0.0
2020-06-14 22:45:00,4136001,24.185657379310346,22.922952586206897,0.0
2020-06-14 23:00:00,4136001,24.412541766666664,23.356136166666666,0.0
2020-06-14 23:15:00,4136001,24.652915366666672,23.91376343333333,0.0
2020-06-14 23:30:00,4136001,24.70239134482759,24.18513027586207,0.0
2020-06-14 23:45:00,4136001,24.5347565,23.921970633333338,0.0
2020-06-15 00:00:00,4136001,24.48687631034483,23.8462514137931,0.0
2020-06-15 00:15:00,4136001,24.50937833333333,23.902851233333333,0.0
2020-06-15 00:30:00,4136001,24.605338241379307,24.17273686206896,0.0
2020-06-15 00:45:00,4136001,24.679791366666663,24.459141966666667,0.0
2020-06-15 01:00:00,4136001,24.6363729,24.380418766666665,0.0
2020-06-15 01:15:00,4136001,24.557383482758624,24.403434034482764,0.0
2020-06-15 01:30:00,4136001,24.537739166666665,24.403716133333333,0.0
2020-06-15 01:45:00,4136001,24.49356613793104,24.32219910344828,0.0
2020-06-15 02:00:00,4136001,24.57614153333333,24.331221500000005,0.0
2020-06-15 02:15:00,4136001,24.5805764,24.441901766666664,0.0
2020-06-15 02:30:00,4136001,24.59707010344828,24.429463413793098,0.0
2020-06-15 02:45:00,4136001,24.22866923333333,23.93627113333333,0.0
2020-06-15 03:00:00,4136001,24.000265344827582,23.42331768965517,0.0
2020-06-15 03:15:00,4136001,24.1572967,23.330549266666665,0.0
2020-06-15 03:30:00,4136001,24.214068633333337,23.349376566666663,0.0
2020-06-15 03:45:00,4136001,24.406245896551727,23.089144896551723,0.0
2020-06-15 04:00:00,4136001,24.413990366666667,23.157796266666665,0.0
2020-06-15 04:15:00,4136001,24.43243089655173,23.66372365517241,0.0
2020-06-15 04:30:00,4136001,24.46265573333333,23.8611501,0.0
2020-06-15 04:45:00,4136001,24.452216700000005,23.850167966666675,0.0
2020-06-15 05:00:00,4136001,24.49716172413793,23.95881503448275,3.971212344827586e-06
2020-06-15 05:15:00,4136001,24.4542309,23.661917166666665,0.0
2020-06-15 05:30:00,4136001,24.55483910344828,23.82317896551724,0.0
2020-06-15 05:45:00,4136001,24.396636066666662,23.91243906666667,0.0005463807966333
2020-06-15 06:00:00,4136001,24.37287865517241,23.7509387586207,0.0104016718137931
2020-06-15 06:15:00,4136001,24.39614873333333,24.135337333333336,0.0243275859
2020-06-15 06:30:00,4136001,24.604524833333336,25.12929993333333,0.0618407700333333
2020-06-15 06:45:00,4136001,24.86190979310345,26.39437968965517,0.0866776889655172
2020-06-15 07:00:00,4136001,25.043574033333336,27.2910268,0.1527795496666666
2020-06-15 07:15:00,4136001,25.558769344827592,29.276119931034483,0.1787859391034483
2020-06-15 07:30:00,4136001,25.9372386,29.3118408,0.16240019
2020-06-15 07:45:00,4136001,26.61436096551725,31.78032931034483,0.3367862144827585
2020-06-15 08:00:00,4136001,27.25152482758621,34.611373482758616,0.3844586831034483
2020-06-15 08:15:00,4136001,27.623727433333336,36.123373466666656,0.4489276293333333
2020-06-15 08:30:00,4136001,28.461725758620688,39.34674931034482,0.5609170755172412
2020-06-15 08:45:00,4136001,29.14302253333333,41.536315766666654,0.6170584573333334
2020-06-15 09:00:00,4136001,29.2166411724138,41.27112031034483,0.5270469972413792
2020-06-15 09:15:00,4136001,29.33822023333333,41.02275870000001,0.6046747926666667
2020-06-15 09:30:00,4136001,29.22754006896552,39.03180975862068,0.3435623724137931
2020-06-15 09:45:00,4136001,28.864061433333333,37.6525612,0.5824216149999998
2020-06-15 10:00:00,4136001,29.990695344827586,45.511953689655165,0.8296770282758622
2020-06-15 10:15:00,4136001,30.60324923333333,47.43976413333333,0.7662448646666666
2020-06-15 10:30:00,4136001,30.502932862068963,44.8949775862069,0.6442910979310345
2020-06-15 10:45:00,4136001,30.405563433333327,40.946115000000006,0.4127263533333333
2020-06-15 11:00:00,4136001,30.272137827586207,39.19910075862068,0.3835087662068965
2020-06-15 11:15:00,4136001,30.40659286666667,40.686537566666665,0.663463731
2020-06-15 11:30:00,4136001,31.06111406896552,45.466793827586216,0.574528772413793
2020-06-15 11:45:00,4136001,29.3317616,37.99803143333334,0.379187229
2020-06-15 12:00:00,4136001,29.90018862068966,38.873927758620695,0.5748088220689656
2020-06-15 12:15:00,4136001,31.54353016666667,48.458500333333326,0.8202640759999998
2020-06-15 12:30:00,4136001,31.61373382758621,46.6309174137931,0.5533222127586204
2020-06-15 12:45:00,4136001,30.80987453333333,40.939506866666655,0.383334039
2020-06-15 13:00:00,4136001,31.107020827586208,41.34869368965517,0.4251167727586207
2020-06-15 13:15:00,4136001,28.890861033333334,33.852956166666665,0.1204129034666666
2020-06-15 13:30:00,4136001,26.23989765517242,28.74930027586208,0.2385233431034482
2020-06-15 13:45:00,4136001,27.20779523333333,33.41558113333332,0.3926790326666667
2020-06-15 14:00:00,4136001,28.538208066666662,41.65116596666666,0.7042872753333334
2020-06-15 14:15:00,4136001,29.08548496551724,40.65664348275861,0.3452762671034482
2020-06-15 14:30:00,4136001,28.050327533333327,32.30449726666667,0.413640262
2020-06-15 14:45:00,4136001,28.738911517241377,35.47533944827586,0.3614792344827586
2020-06-15 15:00:00,4136001,28.618339066666675,35.30898513333334,0.2982641333333332
2020-06-15 15:15:00,4136001,27.744222620689648,31.967591344827586,0.4199067613793104
2020-06-15 15:30:00,4136001,28.952817799999995,36.16430876666666,0.340420977
2020-06-15 15:45:00,4136001,28.225434413793103,32.09903055172414,0.1223398807241379
2020-06-15 16:00:00,4136001,26.919395,29.03463956666667,0.195051521
2020-06-15 16:15:00,4136001,27.72664462068965,32.24504879310346,0.2541694768965517
2020-06-15 16:30:00,4136001,27.96693423333333,32.902970533333324,0.2461391513333333
2020-06-15 16:45:00,4136001,28.24675455172414,33.94315637931035,0.2661915168965516
2020-06-15 17:00:00,4136001,28.152196400000005,32.68684883333334,0.1638262393333333
2020-06-15 17:15:00,4136001,27.328246000000004,29.55606289655173,0.0614014910344827
